X,Y,Z,Acceleration,Heading,Timestamp
-0.171,1.065,10.144951,10.202131938656253,,244716065623199
,,,,76.55002131164574,244716065623199
-0.50895,1.1149501,10.07295,10.147239843446576,,244716084681362
,,,,76.7370523816882,244716084681362
-0.45600003,1.1340001,10.39095,10.46258746148199,,244716103739531
,,,,76.78570381914619,244716103739531
-0.432,1.21605,10.450951,10.530326282050586,,244716122797788
,,,,76.79917978237863,244716122797788
-0.48000002,1.30005,10.16895,10.262946907376692,,244716141855882
,,,,76.8537598240362,244716141855882
-0.41295,1.24905,10.06095,10.146593967466373,,244716160914096
,,,,76.92782639539583,244716160914096
-0.37905002,1.1580001,10.153951,10.226796006931146,,244716179972290
,,,,77.00601157082495,244716179972290
-0.43695003,1.1220001,10.18305,10.253990327036258,,244716199030449
,,,,77.07729142500321,244716199030449
-0.48495004,1.0890001,10.056001,10.126413505692984,,244716218088827
,,,,77.13044395712426,244716218088827
-0.38595003,1.0339501,9.891001,9.95238181892299,,244716237146969
,,,,77.17300969603177,244716237146969
-0.26700002,1.005,9.711,9.766516365569933,,244716256205127
,,,,77.2096263401722,244716256205127
-0.17295001,1.008,9.661051,9.71503340624584,,244716275263266
,,,,77.25578475858316,244716275263266
-0.102000006,0.94005007,9.60795,9.65436701022724,,244716294321459
,,,,77.32753589581414,244716294321459
-0.12105001,0.93600005,9.60105,9.647326843336861,,244716313379673
,,,,77.4180359023168,244716313379673
-0.19005,0.92595005,9.56295,9.60955324085202,,244716332437834
,,,,77.51611058860902,244716332437834
-0.26895002,0.95205003,9.5130005,9.564304156678878,,244716351495969
,,,,77.61402818055032,244716351495969
-0.279,0.97905004,9.486,9.540470453654304,,244716370554118
,,,,77.69241826165457,244716370554118
-0.19695,1.02195,9.460051,9.51712780941407,,244716389612291
,,,,77.74361735967298,244716389612291
-0.14205001,1.1080501,9.514951,9.580304891875262,,244716408670397
,,,,77.803197099803,244716408670397
-0.123,1.09095,9.663,9.725166974436174,,244716427728784
,,,,77.90197529557972,244716427728784
-0.20895001,1.04295,9.793051,9.850647462584828,,244716446786944
,,,,78.0345424371805,244716446786944
-0.372,1.029,9.847951,9.908550199975256,,244716465845065
,,,,78.16176837085033,244716465845065
-0.49695003,1.065,9.879001,9.948660479527586,,244716484903209
,,,,78.24974803754927,244716484903209
-0.52500004,1.1010001,9.89295,9.967862559073637,,244716503961377
,,,,78.29607038050028,244716503961377
-0.41805002,1.1029501,9.88395,9.95408158668468,,244716523019621
,,,,78.31160906086207,244716523019621
-0.36,1.12995,9.802051,9.873529252249144,,244716542077742
,,,,78.33500928895853,244716542077742
-0.34305,1.1509501,9.670951,9.745237703511865,,244716561135891
,,,,78.3853751038982,244716561135891
-0.38895002,1.1200501,9.625051,9.697803555384494,,244716580194278
,,,,78.45440099565035,244716580194278
-0.43695003,1.07895,9.639001,9.709036827521258,,244716599252236
,,,,78.52255945337791,244716599252236
-0.48195,1.0669501,9.72105,9.791295946827436,,244716618310624
,,,,78.58534938241783,244716618310624
-0.48000002,1.02405,9.802051,9.867080023415062,,244716637368823
,,,,78.64585802827499,244716637368823
-0.48495004,0.96000004,9.786,9.844926454996852,,244716656426987
,,,,78.70217293798173,244716656426987
-0.54195005,0.97200006,9.735001,9.79840436128984,,244716675485220
,,,,78.72872188328557,244716675485220
-0.49905002,0.98100007,9.69705,9.75931319462398,,244716694543328
,,,,78.72009535436385,244716694543328
-0.44895002,1.008,9.670951,9.733699769041968,,244716713601557
,,,,78.6922281825502,244716713601557
-0.384,1.00995,9.703951,9.763919382302456,,244716732659712
,,,,78.6444646696843,244716732659712
-0.27600002,1.008,9.774,9.829716248865129,,244716751717857
,,,,78.57860798570704,244716751717857
-0.16605,1.005,9.912001,9.964203661821541,,244716770776249
,,,,78.4992138667948,244716770776249
-0.079950005,1.0000501,9.967951,10.018310186925978,,244716789834391
,,,,78.40867287915712,244716789834391
-0.039,1.0530001,9.89805,9.953980413594289,,244716808892544
,,,,78.31168419294293,244716808892544
0.028950002,1.1560501,9.74505,9.813424425255198,,244716827950683
,,,,78.22307614884036,244716827950683
0.064950004,1.21305,9.570001,9.646793413821264,,244716847008813
,,,,78.18102950430976,244716847008813
0.01695,1.24695,9.484051,9.5656880568252,,244716866066948
,,,,78.19952565658215,244716866066948
-0.025050001,1.1920501,9.5460005,9.620173048973054,,244716885125163
,,,,78.25502777377768,244716885125163
-0.03705,1.1220001,9.625051,9.690296975260871,,244716904183280
,,,,78.3228515522359,244716904183280
0.01995,1.11,9.77805,9.840872207691017,,244716923241420
,,,,78.38907706642836,244716923241420
0.12495001,1.0699501,9.85995,9.91861989849989,,244716942299559
,,,,78.47052707228076,244716942299559
0.09900001,1.06005,9.843,9.90041239486411,,244716961357688
,,,,78.56320590912865,244716961357688
0.028950002,1.09605,9.811951,9.873020794661398,,244716980416081
,,,,78.65297508539014,244716980416081
0.015000001,1.09605,9.798,9.859125826387798,,244716999474242
,,,,78.74456792216,244716999474242
-0.027,1.06305,9.72795,9.785898877134185,,244717018532396
,,,,78.8473622691687,244717018532396
-0.039,1.06005,9.703951,9.76175665571372,,244717037590640
,,,,78.94851054058742,244717037590640
0.0049500004,1.0309501,9.856951,9.910719383758844,,244717056648805
,,,,79.0460661325027,244717056648805
0.012,0.97605,9.91695,9.964874375197942,,244717075706959
,,,,79.15247364958233,244717075706959
-0.11595,1.02195,9.9199505,9.973125968178104,,244717094765117
,,,,79.25056882644206,244717094765117
-0.14895001,1.0390501,9.91005,9.965486093810853,,244717113823514
,,,,79.31937615214076,244717113823514
-0.11100001,1.07505,9.880951,9.93988162117972,,244717132881685
,,,,79.3663815140088,244717132881685
-0.030000001,1.07505,9.88605,9.944376167995932,,244717151939849
,,,,79.40044366739964,244717151939849
0.07005,1.06305,9.87705,9.934339488572894,,244717170998002
,,,,79.42667842400166,244717170998002
0.075,1.1179501,9.86505,9.928477287826306,,244717190056142
,,,,79.44800910477962,244717190056142
-0.03195,1.21305,9.774,9.849040229627668,,244717209114356
,,,,79.4793528428808,244717209114356
-0.291,1.3039501,9.58905,9.681675889145481,,244717228172492
,,,,79.52836628036482,244717228172492
-0.58305,1.35195,9.38805,9.50279957528656,,244717247230632
,,,,79.57865013303446,244717247230632
-0.80505,1.4310001,9.295051,9.43895300991269,,244717266288780
,,,,79.60823168232977,244717266288780
-0.85095006,1.4269501,9.337951,9.48459942974786,,244717285346924
,,,,79.60777405965538,244717285346924
-0.85305005,1.39995,9.46695,9.607846121388766,,244717304405078
,,,,79.58892956773532,244717304405078
-0.99705005,1.4100001,9.541051,9.696074597993936,,244717323463223
,,,,79.56077552797653,244717323463223
-1.251,1.4239501,9.441,9.62938837852299,,244717342521633
,,,,79.51198748673512,244717342521633
-1.452,1.434,9.316051,9.536951979745146,,244717361579789
,,,,79.41999166880423,244717361579789
-1.55295,1.4650501,9.328051,9.569250578839755,,244717380637967
,,,,79.26875079001263,244717380637967
-1.572,1.43595,9.37395,9.61270386637176,,244717399696141
,,,,79.05852439754881,244717399696141
-1.5979501,1.4290501,9.417001,9.657925654823687,,244717418754360
,,,,78.79660713344633,244717418754360
-1.59105,1.4670001,9.54405,9.786338969191792,,244717437812525
,,,,78.49261590405658,244717437812525
-1.54305,1.43805,9.642,9.87001317294864,,244717456870703
,,,,78.1471517660265,244717456870703
-1.5640501,1.434,9.604051,9.835669504018787,,244717475929066
,,,,77.78174347561999,244717475929066
-1.57395,1.4599501,9.571951,9.809740978558315,,244717494987257
,,,,77.39596756110849,244717494987257
-1.5409501,1.455,9.549001,9.78135841967667,,244717514045387
,,,,76.97399164399594,244717514045387
-1.488,1.4310001,9.570001,9.790138763909404,,244717533103541
,,,,76.52399146071882,244717533103541
-1.3590001,1.4290501,9.649051,9.848515014246557,,244717552161675
,,,,76.04178010531592,244717552161675
-1.1410501,1.4460001,9.72795,9.900804244232747,,244717571219890
,,,,75.5387776540795,244717571219890
-0.88695,1.434,9.72105,9.86619735666998,,244717590278027
,,,,75.04328158074092,244717590278027
-0.80295,1.455,9.73005,9.87094882968906,,244717609336171
,,,,74.58265362311526,244717609336171
-0.83400005,1.4670001,9.799951,9.944178226632271,,244717628394305
,,,,74.16453676288377,244717628394305
-0.81495005,1.455,9.835951,9.976326577452268,,244717647452478
,,,,73.77967609372105,244717647452478
-0.753,1.4599501,9.77595,9.913005078064591,,244717666510870
,,,,73.40663165182247,244717666510870
-0.657,1.4860501,9.738001,9.872621273900418,,244717685569026
,,,,73.04460430505512,244717685569026
-0.47700003,1.491,9.74505,9.869985731862432,,244717704627185
,,,,72.71933703640077,244717704627185
-0.36495003,1.4269501,9.762,9.872487967921654,,244717723685319
,,,,72.45961909321103,244717723685319
-0.33105,1.33305,9.726001,9.822510490771114,,244717742743454
,,,,72.2527668141972,244717742743454
-0.303,1.2919501,9.663,9.753692319064635,,244717761801568
,,,,72.07932782060305,244717761801568
-0.252,1.2709501,9.63195,9.718708001441609,,244717780859802
,,,,71.92213784704438,244717780859802
-0.11100001,1.26405,9.637051,9.720230823805904,,244717799917924
,,,,71.78323912008301,244717799917924
0.012,1.302,9.646951,9.734423984753356,,244717818976078
,,,,71.66573254560211,244717818976078
0.079050004,1.386,9.52005,9.620738089117411,,244717838034223
,,,,71.58964423824817,244717838034223
0.09900001,1.4820001,9.30405,9.4218616390608,,244717857092396
,,,,71.56044517954636,244717857092396
0.19395001,1.503,9.240001,9.363452360764414,,244717876150773
,,,,71.58206272826945,244717876150773
0.35700002,1.3399501,9.429001,9.530423488113891,,244717895208919
,,,,71.67290424423062,244717895208919
0.38595003,1.1700001,9.8550005,9.931711490344522,,244717914267068
,,,,71.83421965204798,244717914267068
0.24495001,1.06005,10.16895,10.226986613269242,,244717933325266
,,,,72.0351774778081,244717933325266
-0.05595,1.1700001,10.176001,10.243193809021662,,244717952383476
,,,,72.20827496194373,244717952383476
-0.279,1.3570501,9.7900505,9.887593797704193,,244717971441670
,,,,72.28241666538422,244717971441670
-0.35505003,1.7190001,9.225,9.39050881921683,,244717990499843
,,,,72.2650201735682,244717990499843
-0.18300001,2.08305,8.833051,9.077189569651965,,244718009557997
,,,,72.1900383568598,244718009557997
0.064950004,2.19705,8.677051,8.951114555306873,,244718028616175
,,,,72.12028163486646,244718028616175
0.13005,2.2429502,8.809051,9.091045593624067,,244718047674562
,,,,72.11455110615282,244718047674562
0.08400001,2.14995,9.096001,9.347008586657175,,244718066732727
,,,,72.16396752479785,244718066732727
-0.09,2.08305,9.328051,9.558228180586005,,244718085790881
,,,,72.23479658649089,244718085790881
-0.303,2.11095,9.462001,9.699349324533886,,244718104849021
,,,,72.29634342110188,244718104849021
-0.30705002,2.0730002,9.526951,9.754711871015127,,244718123907203
,,,,72.3379529335256,244718123907203
-0.22095,2.0269501,9.60105,9.815167690094142,,244718142965338
,,,,72.37343576626381,244718142965338
-0.13305001,1.9600501,9.75,9.945953803950253,,244718162023444
,,,,72.41594686365796,244718162023444
-0.12105001,1.9270501,9.936001,10.121871653335738,,244718181081730
,,,,72.47373026403628,244718181081730
-0.16905001,1.8690001,10.03005,10.204099272732181,,244718200139901
,,,,72.53421158913675,244718200139901
-0.29595003,1.9080001,9.963,10.148370591340251,,244718219198074
,,,,72.575240535481,244718219198074
-0.26700002,1.9560001,9.735001,9.933149429086749,,244718238256247
,,,,72.57465996940155,244718238256247
-0.19500001,2.01795,9.52005,9.733524585395168,,244718257314392
,,,,72.5543333264316,244718257314392
-0.20700002,2.085,9.40995,9.640396288565421,,244718276372784
,,,,72.54623955226513,244718276372784
-0.25500003,2.08305,9.346951,9.57964548112013,,244718295430958
,,,,72.55798064744839,244718295430958
-0.29595003,2.08995,9.35505,9.590226013893448,,244718314489112
,,,,72.57258359189387,244718314489112
-0.26205,2.09205,9.38805,9.621893046883448,,244718333547257
,,,,72.57836876212087,244718333547257
-0.24795002,2.11095,9.438001,9.674370513073125,,244718352605363
,,,,72.57869661120104,244718352605363
-0.25500003,2.1090002,9.3810005,9.618528097566273,,244718371663531
,,,,72.5810940075997,244718371663531
-0.28395,2.1450002,9.193951,9.445125101532206,,244718390721794
,,,,72.57966649806318,244718390721794
-0.23595001,2.18805,8.928,9.195239485691427,,244718409779872
,,,,72.5688406482287,244718409779872
-0.16095,2.16195,8.60805,8.876850203955062,,244718428837997
,,,,72.55705857191043,244718428837997
-0.13995,2.1450002,8.22,8.496412080961688,,244718447896131
,,,,72.54334355205705,244718447896131
-0.19695,2.18595,8.277,8.563054644587492,,244718466954284
,,,,72.53464189105445,244718466954284
-0.13995,2.19,8.883,9.15004814427118,,244718486012472
,,,,72.54429294835168,244718486012472
-0.087000005,1.9560001,9.76395,9.958324565378158,,244718505070840
,,,,72.60226076383758,244718505070840
-0.19305001,1.6990501,10.509001,10.647212606663958,,244718524128737
,,,,72.74296266073983,244718524128737
-0.48900002,1.6060501,10.827001,10.956389241440856,,244718543187124
,,,,72.86769557536262,244718543187124
-0.78900003,1.5180001,10.948951,11.081803371599628,,244718562245300
,,,,72.89743421900884,244718562245300
-0.94395006,1.28505,11.3539505,11.465364127883639,,244718581303478
,,,,72.9269406362233,244718581303478
-1.1719501,0.86595005,12.276001,12.362181526918791,,244718600361621
,,,,73.07596853372381,244718600361621
-1.572,0.34395,13.056001,13.154795514166354,,244718619419795
,,,,73.332530929517,244718619419795
-2.046,-0.033,12.90495,13.066175609885219,,244718638477978
,,,,73.54894547336886,244718638477978
-2.328,-0.055050004,11.878051,12.104160293516143,,244718657536221
,,,,73.52519690562472,244718657536221
-2.11305,-0.031050002,10.729051,10.935194023095974,,244718676594291
,,,,73.2146350342534,244718676594291
-1.5670501,0.16695,10.36695,10.48604673880944,,244718695652534
,,,,72.79664111742697,244718695652534
-1.0330501,0.13800001,10.288051,10.340707014397864,,244718714710661
,,,,72.43191584593745,244718714710661
-1.0330501,0.055050004,9.594001,9.649615233661644,,244718733768820
,,,,72.1614745057508,244718733768820
-1.50705,0.32805002,8.722051,8.857368686099948,,244718752826979
,,,,71.91050603488786,244718752826979
-1.8570001,0.79005,8.433001,8.671109112434586,,244718771885122
,,,,71.63052292043069,244718771885122
-1.6480501,0.8880001,8.718,8.916734166350333,,244718790943290
,,,,71.36481490133886,244718790943290
-1.2079501,0.67005,9.309,9.410929279554978,,244718810001463
,,,,71.21293881495446,244718810001463
-0.91800004,0.50505,10.02495,10.079554919150153,,244718829059842
,,,,71.19178571909492,244718829059842
-0.72195005,0.24105,10.34595,10.373909398863107,,244718848118002
,,,,71.27251172489531,244718848118002
-0.87705004,0.07095,10.293,10.33054248489529,,244718867176166
,,,,71.40601460241237,244718867176166
-1.2199501,0.27,10.07295,10.150148407551118,,244718886234330
,,,,71.51730570474857,244718886234330
-1.3230001,0.37500003,9.703951,9.80089879488101,,244718905292449
,,,,71.56512385912782,244718905292449
-1.3420501,0.43500003,9.148951,9.257084788118453,,244718924350603
,,,,71.55399748096987,244718924350603
-1.4260501,0.63195,8.65095,8.790445203735862,,244718943408747
,,,,71.52826815836643,244718943408747
-1.38705,0.82605004,8.33895,8.493783360430484,,244718962466952
,,,,71.47351053179044,244718962466952
-1.263,0.91905004,8.17395,8.32185560074485,,244718981525041
,,,,71.37709558146653,244718981525041
-1.179,1.0170001,8.04,8.189379294399489,,244719000583217
,,,,71.2481621005042,244719000583217
-1.1410501,1.149,8.04705,8.208362818114741,,244719019641382
,,,,71.10422269393536,244719019641382
-1.0210501,1.2229501,8.18595,8.339540026670853,,244719038699459
,,,,70.96274898565689,244719038699459
-0.87705004,1.33095,8.397,8.54694418033588,,244719057757707
,,,,70.8428040336423,244719057757707
-0.78405005,1.47,8.536051,8.697114522954761,,244719076815867
,,,,70.74589730969815,244719076815867
-0.813,1.659,8.530951,8.728709449417122,,244719095874012
,,,,70.67136628547497,244719095874012
-0.89895004,1.881,8.505,8.756786221647793,,244719114932190
,,,,70.60615163927969,244719114932190
-0.89895004,2.1040502,8.557051,8.857666281426784,,244719133990358
,,,,70.55095688059681,244719133990358
-0.74100006,2.2050002,8.863951,9.164100380223287,,244719153048517
,,,,70.54079355911183,244719153048517
-0.60195005,2.18595,9.187051,9.462696519874559,,244719172106661
,,,,70.60313269566655,244719172106661
-0.58305,2.1349502,9.526951,9.780631438857792,,244719191164854
,,,,70.70854983531652,244719191164854
-0.61905,2.2020001,9.762,10.026398718615196,,244719210223240
,,,,70.82516165501615,244719210223240
-0.6,2.3100002,9.955951,10.238020059979135,,244719229281146
,,,,70.97091106171506,244719229281146
-0.55200005,2.2720501,10.08495,10.35244615921726,,244719248339269
,,,,71.19664881378398,244719248339269
-0.35805002,2.15895,10.600051,10.823601288325102,,244719267397654
,,,,71.5324209133818,244719267397654
-0.022950001,2.02305,11.562,11.737679373088604,,244719286455810
,,,,71.99935313561139,244719286455810
0.24495001,1.59405,12.333,12.438001766339042,,244719305513939
,,,,72.63674638895698,244719305513939
0.17805001,1.0699501,12.7570505,12.803079258560285,,244719324572074
,,,,73.52473928295034,244719324572074
0.24195,0.48795003,12.60795,12.619708170229524,,244719343630242
,,,,74.60640902104856,244719343630242
0.18195,0.15495001,11.869051,11.871456862454135,,244719362688411
,,,,75.7561620847935,244719362688411
-0.25995,0.23895001,11.080951,11.086574759256266,,244719381746578
,,,,76.79881095216345,244719381746578
-0.71895003,0.46605003,10.73595,10.770084869135383,,244719400804727
,,,,77.61908252053614,244719400804727
-0.80505,0.43800002,10.717051,10.756166685447782,,244719419862881
,,,,78.23257011178669,244719419862881
-0.64695,0.22695,10.762051,10.78386658691831,,244719438921026
,,,,78.72206927903399,244719438921026
-0.504,0.15495001,10.77,10.782900122814537,,244719457979218
,,,,79.13998806377955,244719457979218
-0.3,0.064050004,10.597051,10.601489815290629,,244719477037382
,,,,79.49019235309362,244719477037382
-0.14205001,0.081,10.293,10.294299160935811,,244719496095502
,,,,79.78149309100549,244719496095502
0.036000002,0.22695,10.159051,10.161649331012404,,244719515153656
,,,,80.01012684328249,244719515153656
0.28500003,0.22905001,10.08495,10.091576309702601,,244719534211825
,,,,80.17935161015873,244719534211825
0.47700003,0.29205,9.975,9.990668329712303,,244719553269992
,,,,80.34666392406737,244719553269992
0.642,0.31995,9.673051,9.699610861611884,,244719572328126
,,,,80.5450194477537,244719572328126
0.73995006,0.411,9.261001,9.29960117920576,,244719591386270
,,,,80.79305093727355,244719591386270
0.65595,0.60495,8.778001,8.82323824233794,,244719610444423
,,,,81.07153141011331,244719610444423
0.40995002,0.77805007,8.28405,8.330600392112588,,244719629502587
,,,,81.36356980845554,244719629502587
0.13695,0.92100006,7.8960004,7.9507117666555835,,244719648560726
,,,,81.64427692296472,244719648560726
0.024,1.05495,7.734,7.8056552046467,,244719667618900
,,,,81.90047048854274,244719667618900
0.060000002,1.14195,7.77405,7.857703696707703,,244719686677015
,,,,82.14350227959012,244719686677015
0.19905001,1.149,8.02095,8.105274376434469,,244719705735198
,,,,82.39791999598394,244719705735198
0.39495003,1.1220001,8.203051,8.288842517403761,,244719724793362
,,,,82.68051224270404,244719724793362
0.34500003,1.194,8.365951,8.457765106006368,,244719743851501
,,,,82.99670218995145,244719743851501
0.10305001,1.2420001,8.33205,8.424740333970194,,244719762909625
,,,,83.3093267784521,244719762909625
-0.147,1.33305,8.17395,8.283241579505763,,244719781967846
,,,,83.56895592918262,244719781967846
-0.21900001,1.5319501,8.181001,8.32607955577191,,244719801025929
,,,,83.7384880545715,244719801025929
-0.08205,1.7020501,8.48805,8.657407607473129,,244719820084062
,,,,83.84778474167005,244719820084062
0.10605001,1.7190001,8.895,9.060200998127184,,244719839142221
,,,,83.98531743079742,244719839142221
0.11100001,1.623,9.229951,9.372216383620593,,244719858200404
,,,,84.18449940737334,244719858200404
0.027,1.5799501,9.517051,9.647343055336208,,244719877258630
,,,,84.38678228983244,244719877258630
0.094050005,1.5700501,9.651,9.77832806608913,,244719896316708
,,,,84.54466211249728,244719896316708
0.13395001,1.5180001,9.811951,9.929584157482495,,244719915374869
,,,,84.7401762774889,244719915374869
-0.003,1.2400501,10.185,10.260212718401869,,244719934433042
,,,,85.03504920433669,244719934433042
-0.32895002,0.91395,10.88895,10.932188651787058,,244719953491187
,,,,85.4025748533859,244719953491187
-0.85605,0.74205005,11.359051,11.415405946348201,,244719972549336
,,,,85.72715227293408,244719972549336
-1.27695,0.66,11.28705,11.378212276083154,,244719991607476
,,,,85.85477435757576,244719991607476
-1.2720001,0.61005,11.019,11.10893821662454,,244720010665639
,,,,85.74749940647155,244720010665639
-0.83895004,0.32505003,11.062051,11.098579150840907,,244720029723774
,,,,85.52838010770837,244720029723774
-0.41805002,-0.126,11.554951,11.563197429346221,,244720048781928
,,,,85.38379183316837,244720048781928
-0.48900002,-0.38505003,12.027,12.043094818712506,,244720067840077
,,,,85.35824009548335,244720067840077
-0.873,-0.57405,11.95695,12.002512986585936,,244720086898231
,,,,85.3490739816172,244720086898231
-1.3590001,-0.402,11.422951,11.510529714636222,,244720105956404
,,,,85.26990525894757,244720105956404
-1.3939501,-0.14595,10.767,10.857840142768634,,244720125014524
,,,,85.09159634047522,244720125014524
-0.85605,-0.14295001,10.354951,10.391259012024504,,244720144072468
,,,,84.88251741979197,244720144072468
-0.26895002,-0.33705002,10.255051,10.264112108482072,,244720163130571
,,,,84.72505423866649,244720163130571
-0.135,-0.39000002,10.312051,10.320306216287829,,244720182188687
,,,,84.63841328904488,244720182188687
-0.23595001,-0.37995002,10.42695,10.436538377881254,,244720201246841
,,,,84.58035668109977,244720201246841
-0.351,-0.294,10.408051,10.418116679677148,,244720220305068
,,,,84.50551829836394,244720220305068
-0.44205,-0.13395001,10.31505,10.325386642347338,,244720239363212
,,,,84.40348893254229,244720239363212
-0.32895002,-0.0139500005,10.078051,10.083427323673082,,244720258421380
,,,,84.28884420732362,244720258421380
-0.126,0.079050004,9.69495,9.696091121912664,,244720277479510
,,,,84.18747736985146,244720277479510
-0.079950005,0.21705002,9.031051,9.034012421517302,,244720296537679
,,,,84.10532385451455,244720296537679
-0.21195,0.46395,8.361,8.376543956039445,,244720315595785
,,,,84.02883256599958,244720315595785
-0.303,0.76095,7.9609504,8.002973480756475,,244720334653948
,,,,83.97050275048767,244720334653948
-0.28395,0.93600005,7.9009504,7.961265010666858,,244720353712117
,,,,83.9794707888679,244720353712117
-0.312,0.99105006,8.172,8.237785313575403,,244720372770285
,,,,84.1190252139896,244720372770285
-0.43395,0.8880001,8.49705,8.554339676148118,,244720391828473
,,,,84.36368942024862,244720391828473
-0.55200005,0.88305,8.655001,8.717425939728335,,244720410886575
,,,,84.61124962671573,244720410886575
-0.52995,1.041,8.743951,8.821632360836945,,244720429944746
,,,,84.77886246894785,244720429944746
-0.48900002,1.12695,8.986051,9.069633254740143,,244720449002861
,,,,84.89772825107359,244720449002861
-0.44400004,1.14405,9.18,9.261662734436259,,244720468060986
,,,,85.05058788469847,244720468060986
-0.37695003,1.12995,9.25605,9.332381154490815,,244720487119144
,,,,85.21264095294619,244720487119144
-0.351,1.2760501,9.37395,9.466913126929603,,244720506177336
,,,,85.32651386678864,244720506177336
-0.25005,1.3450501,9.42405,9.522835841587332,,244720525235462
,,,,85.35912118988628,244720525235462
-0.11805001,1.48905,9.349951,9.468515525407497,,244720544293419
,,,,85.33608296181583,244720544293419
0.079050004,1.70895,9.261001,9.417690480257546,,244720563351543
,,,,85.3128125073136,244720563351543
0.13395001,1.8409501,9.237,9.419618757109912,,244720582409707
,,,,85.35534409527527,244720582409707
-0.25005,1.9009501,9.213,9.410393800187608,,244720601467832
,,,,85.4984911999004,244720601467832
-0.75495005,1.98405,9.32295,9.561579641294445,,244720620525967
,,,,85.70444872413296,244720620525967
-0.84405005,1.9630501,9.9199505,10.147482694210268,,244720639584116
,,,,85.9219834190087,244720639584116
-0.66195005,1.8259501,10.62405,10.800125361527385,,244720658642184
,,,,86.13719584956662,244720658642184
-0.50100005,1.59195,10.78905,10.917367422505679,,244720677700399
,,,,86.28866212460083,244720677700399
-0.13005,1.36905,10.64295,10.731430338353485,,244720696758592
,,,,86.37308326274218,244720696758592
0.40995002,1.3909501,11.071051,11.165615051248016,,244720715816650
,,,,86.50616949871988,244720715816650
0.74700004,1.1370001,11.99295,12.069864979567916,,244720734874787
,,,,86.84261095685638,244720734874787
0.65595,0.57900006,12.285001,12.316118202507031,,244720753932703
,,,,87.37475099509207,244720753932703
-0.15195,0.63600004,11.778001,11.796138351379353,,244720772990835
,,,,87.95137605539205,244720772990835
-0.93705004,1.04805,11.148001,11.23629807949442,,244720792049235
,,,,88.35256087667109,244720792049235
-0.70005006,1.1149501,10.717051,10.797608810198044,,244720811107136
,,,,88.54774719258255,244720811107136
0.14400001,1.0530001,10.48005,10.533802662626458,,244720830165273
,,,,88.64051482188965,244720830165273
0.98205006,1.21605,10.420051,10.536633844401925,,244720849223427
,,,,88.71495022346446,244720849223427
1.7080501,1.20105,10.08195,10.295905801313998,,244720868281605
,,,,88.85321374283302,244720868281605
1.8780001,1.21605,9.493051,9.753136546022082,,244720887339709
,,,,89.08309058953897,244720887339709
1.4779501,1.4170501,8.89995,9.13244116479367,,244720906397899
,,,,89.4519139745305,244720906397899
0.90495,1.5460501,8.29395,8.485211241592818,,244720925456010
,,,,89.89712619519943,244720925456010
0.30195,1.6489501,7.7550006,7.93411903764775,,244720944514192
,,,,90.38330589051012,244720944514192
-0.126,1.8049501,7.5280504,7.742432622176027,,244720963572332
,,,,90.8196935067714,244720963572332
-0.11100001,1.8739501,7.5730505,7.802249867623195,,244720982630295
,,,,91.1405962845461,244720982630295
0.112950005,1.8600001,7.7190003,7.94073828774399,,244721001688457
,,,,91.36308969675927,244721001688457
0.33795002,1.9369501,7.8919506,8.13319523595086,,244721020746644
,,,,91.5264609915168,244721020746644
0.58005005,2.0710502,8.188951,8.466677253696501,,244721039804832
,,,,91.67096730378677,244721039804832
0.73800004,2.0680501,8.325001,8.60971040989679,,244721058862906
,,,,91.85539607175545,244721058862906
0.64905006,2.1349502,8.418,8.708731415576688,,244721077921039
,,,,92.12855582723176,244721077921039
0.546,2.13,8.599951,8.876607829849272,,244721096979188
,,,,92.48166977713225,244721096979188
0.42195,1.98195,8.95695,9.183307132118173,,244721116037323
,,,,92.90184935449311,244721116037323
0.16605,1.9339501,9.325951,9.525812117430306,,244721135095253
,,,,93.34634440529919,244721135095253
-0.078,1.8930001,9.53205,9.718513706683352,,244721154153409
,,,,93.72134911148957,244721154153409
-0.135,1.91295,9.61095,9.800406809557066,,244721173211549
,,,,93.95658765669398,244721173211549
0.096,1.9699501,9.661051,9.860315148073916,,244721192269708
,,,,94.06167011707463,244721192269708
0.34500003,1.8790501,9.74205,9.927607764968286,,244721211327762
,,,,94.12788197088874,244721211327762
0.48600003,1.64205,9.663,9.813567085315526,,244721230385875
,,,,94.19582186256285,244721230385875
0.54195005,1.47405,9.699,9.82533154110222,,244721249444019
,,,,94.27169843405252,244721249444019
0.69495004,1.23705,10.123051,10.22200618276034,,244721268502144
,,,,94.34913228867296,244721268502144
1.0200001,0.83505005,10.67895,10.760004046130927,,244721287560060
,,,,94.43563663451117,244721287560060
1.08,0.67005,10.83705,10.911325754651498,,244721306618236
,,,,94.54758343500768,244721306618236
0.537,0.94995004,10.77,10.82514135255214,,244721325676404
,,,,94.64710612140394,244721325676404
0.120000005,1.04595,10.659,10.71086840673375,,244721344734568
,,,,94.7439855245914,244721344734568
0.16800001,0.78000003,10.807951,10.837362821386174,,244721363792647
,,,,94.91601066902733,244721363792647
0.28305,0.63900006,11.229,11.250728329288425,,244721382850842
,,,,95.20608880307778,244721382850842
0.079050004,0.65805006,11.398951,11.418203282957327,,244721401908981
,,,,95.55871780954719,244721401908981
-0.34095,0.79200006,10.944,10.97791639781885,,244721420966921
,,,,95.87898537972909,244721420966921
-0.549,1.1080501,10.33605,10.409760120863774,,244721440025092
,,,,96.11209973610163,244721440025092
-0.32700002,1.3950001,9.996,10.098166996270676,,244721459083275
,,,,96.32182069456687,244721459083275
0.24495001,1.24695,9.832951,9.914726601821513,,244721478141368
,,,,96.61857875362558,244721478141368
0.48405004,1.02405,9.84105,9.906020874839397,,244721497199534
,,,,97.09971093913963,244721497199534
0.22800002,0.96900004,10.035001,10.08425428320023,,244721516257474
,,,,97.72392192738708,244721516257474
0.010050001,0.82800007,10.20195,10.235500594114065,,244721535315587
,,,,98.39894269287028,244721535315587
-0.01995,0.711,10.31505,10.33954454197327,,244721554373740
,,,,99.05115062652563,244721554373740
0.22095,0.53595,10.293,10.309311992433065,,244721573431889
,,,,99.61965459190246,244721573431889
0.43905002,0.71295005,10.285951,10.31997317406768,,244721592489949
,,,,100.12967164741649,244721592489949
0.51000005,0.85905004,10.05795,10.107444331194861,,244721611548082
,,,,100.62602149440131,244721611548082
0.24705002,0.90000004,9.457951,9.503886582259756,,244721630606002
,,,,101.15111277741356,244721630606002
-0.08505,1.05495,8.84895,8.91201884507767,,244721649664125
,,,,101.6845847025374,244721649664125
-0.17595,1.1869501,8.536051,8.619975520052746,,244721668722190
,,,,102.16499288799942,244721668722190
0.156,1.2349501,8.554951,8.64503429964232,,244721687780337
,,,,102.59412684336215,244721687780337
0.55305004,1.314,8.809051,8.923667179893028,,244721706838486
,,,,103.04855981941061,244721706838486
0.73305005,1.3909501,8.90205,9.039834348122973,,244721725896640
,,,,103.58290600874821,244721725896640
0.75495005,1.4070001,8.857051,8.999830456302357,,244721744954584
,,,,104.22984786655348,244721744954584
0.59400004,1.3759501,8.890051,9.015491292877673,,244721764012770
,,,,104.99355863840928,244721764012770
0.30405003,1.3069501,8.89995,9.000537856242824,,244721783070892
,,,,105.82080382992456,244721783070892
0.060000002,1.31595,8.857051,8.95447768400043,,244721802129049
,,,,106.63343241661599,244721802129049
-0.01305,1.371,8.835,8.940751771318121,,244721821187251
,,,,107.36376405399794,244721821187251
0.13005,1.4650501,8.80605,8.928034965747466,,244721840245394
,,,,108.00300828860861,244721840245394
0.50595003,1.4940001,8.93295,9.071142245774036,,244721859303349
,,,,108.59143591579438,244721859303349
1.3099501,1.4430001,9.33495,9.536221167745442,,244721878361453
,,,,109.18717184539206,244721878361453
1.8370501,1.28805,9.711,9.966812758719952,,244721897419596
,,,,109.87068253601358,244721897419596
1.7869501,0.94500005,9.76605,9.97306170836555,,244721916477532
,,,,110.72141674808451,244721916477532
1.011,0.70305,9.675,9.753052453746331,,244721935535914
,,,,111.71479946097116,244721935535914
0.13695,0.63600004,9.73005,9.751775335413692,,244721954593815
,,,,112.66915447294036,244721954593815
-0.60705,0.89505005,9.802051,9.861532177837846,,244721973651870
,,,,113.39048392099625,244721973651870
-1.21305,1.25205,9.76605,9.920426198356159,,244721992709962
,,,,113.7684324387189,244721992709962
-0.99495006,1.3570501,9.939,10.080438203520718,,244722011768096
,,,,113.84857104825066,244722011768096
0.12495001,0.84000003,10.686001,10.719693423200233,,244722030826026
,,,,113.85464991661198,244722030826026
1.1380501,0.34905002,11.887951,11.94740020691119,,244722049884159
,,,,114.09065344300342,244722049884159
1.47,0.07095,12.798,12.882342864961702,,244722068942267
,,,,114.63333246312844,244722068942267
1.0710001,-0.15795001,12.934051,12.979277306703054,,244722088000390
,,,,115.3926582535371,244722088000390
0.34800002,-0.031050002,12.76395,12.768731214422672,,244722107058515
,,,,116.19412631112473,244722107058515
0.48600003,-0.043050002,12.867001,12.876247901068293,,244722126116464
,,,,116.90135141854454,244722126116464
1.1400001,0.069000006,13.24995,13.29908097612652,,244722145174520
,,,,117.47474579936711,244722145174520
1.5450001,0.32505003,12.91005,13.006232308298275,,244722164232731
,,,,117.89674220704718,244722164232731
1.3240501,0.73200005,11.349001,11.449399334340098,,244722183290909
,,,,118.11105988282384,244722183290909
1.2600001,1.218,9.118051,9.284932340458628,,244722202348839
,,,,118.10392916533034,244722202348839
1.1710501,1.9290001,7.281,7.622687317375452,,244722221406948
,,,,118.11321822260156,244722221406948
1.2739501,2.262,6.5149503,7.013142645725033,,244722240465083
,,,,118.28753831059862,244722240465083
1.389,1.91295,6.9409504,7.332495583741984,,244722259522974
,,,,118.71289517135034,244722259522974
1.4130001,2.0710502,7.7790003,8.173044737325272,,244722278581150
,,,,119.32085030937317,244722278581150
1.3560001,1.8000001,7.75995,8.08056698160102,,244722297639219
,,,,119.94176914644069,244722297639219
1.3240501,1.4980501,7.5330005,7.793802577180188,,244722316697405
,,,,120.58752255133038,244722316697405
0.83595,1.8859501,7.2520504,7.539751628154459,,244722335755568
,,,,121.27377897799823,244722335755568
0.63195,2.22105,7.0320005,7.401449587320874,,244722354813488
,,,,121.92524242103406,244722354813488
0.70905006,2.2740002,7.2760506,7.656026284199622,,244722373871525
,,,,122.55464435305073,244722373871525
0.82395005,2.157,7.9180503,8.247851930193846,,244722392929635
,,,,123.19886779556633,244722392929635
1.0710001,1.8100501,8.280001,8.542934813604292,,244722411987779
,,,,123.82985433147046,244722411987779
1.6980001,1.5490501,8.928,9.219107928035637,,244722431045681
,,,,124.40143188197379,244722431045681
2.6220002,1.3279501,9.726001,10.160385275917353,,244722450103759
,,,,124.97549562133503,244722450103759
3.348,1.041,9.747001,10.358417173267798,,244722469161903
,,,,125.63343408370402,244722469161903
3.4429502,1.21605,9.4140005,10.097330975781306,,244722488219832
,,,,126.33063247342224,244722488219832
3.1680002,1.82895,8.979,9.695552112898254,,244722507277975
,,,,126.89390451389485,244722507277975
2.907,2.3080502,8.36295,9.149681677779151,,244722526336020
,,,,127.1561018157533,244722526336020
2.838,2.1780002,7.6810503,8.473279354104603,,244722545394167
,,,,127.1655547975646,244722545394167
2.7900002,2.2810502,7.7460003,8.543290246008212,,244722564452097
,,,,127.18349087432506,244722564452097
2.64105,2.6449502,8.46195,9.250703527141615,,244722583510187
,,,,127.3279083941358,244722583510187
2.5789502,2.74095,9.217951,9.956626671360716,,244722602568369
,,,,127.58623980892402,244722602568369
2.232,2.8579502,9.92895,10.570418961377216,,244722621626328
,,,,127.90057877490635,244722621626328
1.8559501,3.08295,10.501051,11.10050479325328,,244722640684499
,,,,128.17528898332426,244722640684499
1.8679501,3.10995,11.112,11.689208206759625,,244722659742554
,,,,128.338066051624,244722659742554
2.28495,2.94405,11.48295,12.072554277055909,,244722678800706
,,,,128.43718575685924,244722678800706
2.63205,2.4060001,11.586,12.122373316081845,,244722697858646
,,,,128.5268661406615,244722697858646
2.53395,1.7899501,11.43795,11.851225172358236,,244722716916717
,,,,128.65582011219135,244722716916717
2.1100502,1.1920501,11.221951,11.480656152774639,,244722735974875
,,,,128.8294162001364,244722735974875
1.9369501,0.43005002,11.06595,11.242418913749237,,244722755032810
,,,,128.9814288903042,244722755032810
2.3850002,-0.01905,10.948951,11.20571797049948,,244722774090962
,,,,129.0152519870741,244722774090962
2.8330503,0.14595,10.566001,10.940194283107976,,244722793149031
,,,,128.8489095600276,244722793149031
2.811,0.94995004,9.880951,10.316846266884626,,244722812206968
,,,,128.42148998214654,244722812206968
2.4019501,1.8790501,9.472051,9.95087612262911,,244722831265106
,,,,127.76926155792368,244722831265106
2.0689502,2.12295,9.177,9.643899964151156,,244722850323166
,,,,127.19090845976369,244722850323166
1.8100501,2.0350502,9.187051,9.582254984903248,,244722869381289
,,,,127.02720248573682,244722869381289
1.71,1.7160001,9.661051,9.960153538389896,,244722888439228
,,,,127.32467088446921,244722888439228
1.5660001,1.3810501,9.759001,9.97986750574019,,244722907497322
,,,,127.8702527349915,244722907497322
1.22895,1.29495,9.232051,9.40308334427567,,244722926555496
,,,,128.40899073596543,244722926555496
0.91695005,1.386,8.42595,8.588272846210526,,244722945613459
,,,,128.77667347936554,244722945613459
0.71400005,1.6200001,7.8559504,8.052959149406615,,244722964671592
,,,,128.98715258882865,244722964671592
0.558,1.7020501,7.6500006,7.856898256928529,,244722983729685
,,,,129.1265840705453,244722983729685
0.38595003,1.6200001,7.6500006,7.8291677667503,,244723002787608
,,,,129.28835027084787,244723002787608
0.015000001,1.644,7.8100505,7.9812184643103725,,244723021845774
,,,,129.45820341512777,244723021845774
-0.20895001,1.64205,8.043,8.21156745621021,,244723040903834
,,,,129.54758327060654,244723040903834
-0.19500001,1.6159501,8.16495,8.325607176853906,,244723059961781
,,,,129.49865179539256,244723059961781
-0.20205002,1.7830501,8.394,8.583666403027149,,244723079019938
,,,,129.3367899724416,244723079019938
-0.20505,1.9219501,8.48295,8.700366694297108,,244723098078041
,,,,129.10661259741218,244723098078041
-0.22605,2.02005,8.581051,8.81851099502822,,244723117135954
,,,,128.85916850416095,244723117135954
-0.324,2.1780002,8.751,9.02378372915305,,244723136194101
,,,,128.64609392281324,244723136194101
-0.52995,2.35095,8.940001,9.259126439590098,,244723155252161
,,,,128.46355028705548,244723155252161
-0.78900003,2.367,9.1390505,9.473513572673081,,244723174310327
,,,,128.2631525368073,244723174310327
-0.89895004,2.36505,9.325951,9.663070492108044,,244723193368280
,,,,128.0208037646769,244723193368280
-0.846,2.2840502,9.240001,9.555638064045496,,244723212426355
,,,,127.73737823487807,244723212426355
-0.92295,2.3170502,9.168,9.501199345422917,,244723231484519
,,,,127.42456923126983,244723231484519
-1.0210501,2.2759502,9.07005,9.406822212531901,,244723250542458
,,,,127.0701643756162,244723250542458
-1.0879501,2.08305,8.80605,9.114233903272106,,244723269600529
,,,,126.66826238447432,244723269600529
-1.2600001,2.05605,8.581051,8.913438111485666,,244723288658683
,,,,126.21966922016621,244723288658683
-1.2870001,1.8960001,8.397,8.704067761297686,,244723307716636
,,,,125.70116223951386,244723307716636
-1.5169501,2.061,8.920951,9.280744853546029,,244723326774702
,,,,125.13754868958276,244723326774702
-1.6320001,2.14995,10.05795,10.413840518311211,,244723345832860
,,,,124.5768857813731,244723345832860
-1.2220501,1.7070001,11.26305,11.45703058408624,,244723364890785
,,,,124.15781269465778,244723364890785
-0.49395,1.09605,12.217951,12.276955355970795,,244723383948846
,,,,124.0509612152821,244723383948846
-0.16905001,0.624,12.868951,12.885179365846604,,244723403006971
,,,,124.22156568037069,244723403006971
-0.14205001,0.09105001,13.111051,13.112136204475858,,244723422064896
,,,,124.50108434196429,244723422064896
-0.31500003,-0.06705,13.120951,13.124902343386692,,244723441122947
,,,,124.69023960083862,244723441122947
-0.291,0.0019500001,12.622951,12.626304634594634,,244723460181086
,,,,124.68877794035623,244723460181086
-0.13305001,0.12900001,11.718,11.719466123952436,,244723479239011
,,,,124.55067151533858,244723479239011
0.16605,0.19800001,11.221951,11.22492560211199,,244723498297062
,,,,124.37073701184376,244723498297062
0.70905006,0.18105,11.565001,11.588130771624622,,244723517354982
,,,,124.24686470105641,244723517354982
1.1209501,-0.058950003,11.98095,12.03341916829472,,244723536413125
,,,,124.29990795015073,244723536413125
0.93405,-0.246,11.727,11.766711748449255,,244723555471218
,,,,124.58580600842912,244723555471218
0.43905002,-0.069000006,10.939951,10.948974867958173,,244723574529389
,,,,124.98535841449653,244723574529389
0.063,0.246,9.982051,9.98528045703595,,244723593587295
,,,,125.32242825003667,244723593587295
-0.19695,0.55005,8.998051,9.016998345085433,,244723612645370
,,,,125.51151520701929,244723612645370
-0.40605003,0.88500005,8.31105,8.3678950447809,,244723631703309
,,,,125.52329045314839,244723631703309
-0.36705002,1.17495,7.9609504,8.055555087853195,,244723650761423
,,,,125.37741127285526,244723650761423
0.087000005,1.2610501,8.004001,8.103199512920277,,244723669819497
,,,,125.16571638971989,244723669819497
0.62100005,1.26405,8.03505,8.157542626856717,,244723688877439
,,,,125.02949509691315,244723688877439
0.88905007,1.45305,8.0140505,8.193092823807824,,244723707935591
,,,,125.05687049510657,244723707935591
0.79095006,1.6320001,7.9200006,8.124988262461473,,244723726993685
,,,,125.26431700057819,244723726993685
0.48405004,1.7350501,8.11905,8.316470467107631,,244723746051622
,,,,125.61068955376788,244723746051622
0.12705001,1.7350501,8.524051,8.699769063054966,,244723765109774
,,,,126.02181230028928,244723765109774
0.0049500004,1.7260501,8.655001,8.825435154374118,,244723784167829
,,,,126.41002659233448,244723784167829
-0.12105001,1.8240001,8.541,8.734432650189886,,244723803225713
,,,,126.74706910711792,244723803225713
-0.40095,1.86195,8.493,8.703945484215046,,244723822283808
,,,,127.0044989369357,244723822283808
-0.71205,2.01105,8.62395,8.883909669350741,,244723841341962
,,,,127.10113245331304,244723841341962
-0.66195005,2.16195,8.686951,8.976375514806213,,244723860399873
,,,,126.95379161253753,244723860399873
-0.17805001,1.9270501,8.112,8.33965072229778,,244723879458039
,,,,126.56691603756965,244723879458039
0.48195,1.55295,7.6470003,7.817962689786674,,244723898516147
,,,,126.12865011928662,244723898516147
0.32805002,2.01105,8.221951,8.47067948211192,,244723917574056
,,,,125.83771138140077,244723917574056
-0.31695002,2.0320501,9.42195,9.643797514743406,,244723936632198
,,,,125.76447809311989,244723936632198
-1.0830001,1.4310001,10.564051,10.715400906608929,,244723955690272
,,,,125.99453252474426,244723955690272
-1.7220001,0.94005007,11.530951,11.696657560846308,,244723974748166
,,,,126.45578885977355,244723974748166
-1.8210001,0.53295004,12.249001,12.395083381769387,,244723993806318
,,,,126.97489689707287,244723993806318
-1.34895,0.022950001,12.667951,12.739590453267805,,244724012864477
,,,,127.42944598633721,244724012864477
-0.92805004,-0.30600002,12.60105,12.638883605136163,,244724031922574
,,,,127.78338638912727,244724031922574
-1.23405,-0.17205001,12.22305,12.28639202846582,,244724050980537
,,,,128.01945138722127,244724050980537
-1.8709501,0.15300001,11.79405,11.942507667147751,,244724070038626
,,,,128.12220475309493,244724070038626
-2.0389502,0.22200002,11.385,11.568268198030442,,244724089096798
,,,,128.11185018631318,244724089096798
-1.62705,0.186,11.050051,11.17074335942548,,244724108154938
,,,,128.09967878921222,244724108154938
-1.0860001,0.14595,10.78905,10.844551694405663,,244724127212863
,,,,128.14933426447823,244724127212863
-0.717,0.08295,10.56105,10.585686689833235,,244724146270947
,,,,128.22024528844128,244724146270947
-0.588,0.093,10.16895,10.18636048853767,,244724165329096
,,,,128.28436710436938,244724165329096
-0.6,0.177,9.735001,9.755078680287195,,244724184387026
,,,,128.33723276854528,244724184387026
-0.537,0.30405003,9.526951,9.546916156186862,,244724203445188
,,,,128.38899194207562,244724203445188
-0.33405003,0.351,9.21105,9.223786197192746,,244724222503257
,,,,128.46073624911745,244724222503257
-0.34305,0.37800002,8.93595,8.950517897299731,,244724241561404
,,,,128.554405463395,244724241561404
-0.55200005,0.56505,8.866051,8.901170855024187,,244724260619325
,,,,128.61971573223866,244724260619325
-0.45105,0.61200005,8.77305,8.805929994962025,,244724279677452
,,,,128.59824161748813,244724279677452
-0.13995,0.62205005,8.706,8.72931689828833,,244724298735506
,,,,128.5126047056745,244724298735506
0.00795,0.78495,8.65095,8.686492641966913,,244724317793654
,,,,128.42261013317042,244724317793654
0.14400001,0.92595005,8.578951,8.629977793924665,,244724336851827
,,,,128.34988227888812,244724336851827
0.33795002,1.0000501,8.65995,8.72404991595275,,244724355909752
,,,,128.33792944784062,244724355909752
0.42405003,1.0669501,8.976001,9.049131859717306,,244724374967812
,,,,128.44834628596303,244724374967812
0.43605003,0.91695005,9.28005,9.335430817840573,,244724394025961
,,,,128.70328992692293,244724394025961
0.26895002,0.74895006,9.3810005,9.414692584593633,,244724413084115
,,,,129.06828157579008,244724413084115
0.010050001,0.73905003,9.36705,9.396165479610012,,244724432142031
,,,,129.46775201958744,244724432142031
-0.06105,0.81405,9.23505,9.271060372190696,,244724451200168
,,,,129.81263559153805,244724451200168
0.02205,1.0170001,9.325951,9.381264996500756,,244724470258257
,,,,130.10606051828182,244724470258257
0.11100001,1.21305,9.58005,9.657182666957702,,244724489316423
,,,,130.4103864269409,244724489316423
0.16605,1.21095,9.687,9.763808034095106,,244724508374362
,,,,130.7791210194732,244724508374362
0.063,1.26405,9.759001,9.840726067032207,,244724527432514
,,,,131.22745463659285,244724527432514
-0.003,1.2229501,9.9529505,10.027803298293092,,244724546490625
,,,,131.69825957608182,244724546490625
0.06705,1.06005,10.33605,10.390482920198725,,244724565548774
,,,,132.14533643839417,244724565548774
0.16605,0.90495,10.72395,10.763345994828677,,244724584606922
,,,,132.5471837880227,244724584606922
0.24000001,1.0339501,10.97805,11.029244821519187,,244724603665006
,,,,132.88433558583287,244724603665006
0.62295,0.96195006,11.16705,11.225703812519987,,244724622723139
,,,,133.22064044018597,244724622723139
1.332,0.66795003,11.469001,11.565395013418533,,244724641781298
,,,,133.70923119227365,244724641781298
2.0710502,-0.040050004,11.884951,12.064115900307602,,244724660839222
,,,,134.44943245300627,244724660839222
2.3160002,-0.69600004,12.196951,12.434382829186715,,244724679897394
,,,,135.44602535480283,244724679897394
1.9279501,-0.96000004,11.823001,12.017568443489111,,244724698955538
,,,,136.46551305069727,244724698955538
0.9799501,-0.73005,11.17695,11.243553857963843,,244724718013707
,,,,137.22597265250815,244724718013707
0.27105,-0.24405001,10.743001,10.749190543993265,,244724737071865
,,,,137.58913381067774,244724737071865
0.25905,0.058950003,10.25205,10.255492064873133,,244724756129960
,,,,137.72982204720165,244724756129960
0.98205006,-0.093,9.56805,9.618765657348977,,244724775188140
,,,,137.89721632338032,244724775188140
1.4680501,-0.112050004,9.204,9.321016449736048,,244724794246280
,,,,138.24343861240828,244724794246280
1.45905,0.04695,9.26595,9.380238201313382,,244724813304424
,,,,138.68614415365184,244724813304424
1.35105,-0.04695,9.352051,9.449253468569951,,244724832362349
,,,,139.1307075063496,244724832362349
0.975,0.010950001,9.25395,9.30517781821044,,244724851420549
,,,,139.59140376586697,244724851420549
0.59400004,0.23400001,9.151051,9.173293983611646,,244724870478717
,,,,140.08321836724292,244724870478717
0.43095002,0.39705002,9.0720005,9.09090544267061,,244724889536875
,,,,140.56650889253467,244724889536875
0.38595003,0.40905002,8.8279505,8.845845651520682,,244724908595029
,,,,140.90301865256288,244724908595029
0.26595002,0.54495,8.6310005,8.65227541239943,,244724927653198
,,,,141.39054389514004,244724927653198
0.24705002,0.71295005,8.50695,8.540347212940357,,244724946711332
,,,,141.67787629314412,244724946711332
0.37605003,0.82095003,8.47305,8.521030215450311,,244724965769472
,,,,141.86495517451078,244724965769472
0.62100005,0.96000004,8.554951,8.631015172770677,,244724984827621
,,,,141.9837731453123,244724984827621
0.93900007,1.06305,8.72505,8.83958655171572,,244725003885775
,,,,142.09279662484406,244725003885775
1.2049501,1.1340001,8.871,9.023996363916408,,244725022943962
,,,,142.25021882483452,244725022943962
1.2070501,1.182,8.96205,9.119892938219715,,244725042002111
,,,,142.48510903039127,244725042002111
1.0680001,1.16295,9.040951,9.17779235756583,,244725061060260
,,,,142.7637261070144,244725061060260
0.88905007,1.182,9.1699505,9.288461676978972,,244725080118405
,,,,143.03715223986836,244725080118405
0.89595,1.2060001,9.345,9.46499851555266,,244725099176568
,,,,143.26155127485995,244725099176568
1.0180501,1.19895,9.514951,9.644075589175282,,244725118234751
,,,,143.44389000494263,244725118234751
1.1380501,1.2780001,9.71895,9.868456640346674,,244725137292890
,,,,143.61958979115204,244725137292890
1.1520001,1.2760501,9.84105,9.99007877292067,,244725156351039
,,,,143.8032945590687,244725156351039
0.94095004,1.2229501,9.832951,9.95328673705913,,244725175409418
,,,,143.9906329876238,244725175409418
0.67995006,1.21605,9.73305,9.832262099370757,,244725194467339
,,,,144.1408698286074,244725194467339
0.537,1.2610501,9.663,9.759722825789186,,244725213525727
,,,,144.21641172082775,244725213525727
0.48195,1.2709501,9.74205,9.836418400674352,,244725232583680
,,,,144.232571948404,244725232583680
0.50595003,1.13205,9.69705,9.776006591170317,,244725251642025
,,,,144.2223949665407,244725251642025
0.333,1.065,9.77595,9.839426986633569,,244725270700205
,,,,144.21301028662108,244725270700205
0.064950004,1.1029501,10.000951,10.061795986023343,,244725289758378
,,,,144.1863179073447,244725289758378
-0.46800002,1.11,10.248,10.318557717133553,,244725308816532
,,,,144.11020227923404,244725308816532
-1.09305,1.05495,10.437,10.546973740857235,,244725327874731
,,,,143.94693343731407,244725327874731
-1.19805,0.74205005,10.468051,10.562483386867482,,244725346932776
,,,,143.65969666195835,244725346932776
-0.70500004,0.22200002,10.894051,10.919095494744052,,244725365991005
,,,,143.36445490489538,244725365991005
-0.126,-0.177,11.758051,11.760058054878026,,244725385049166
,,,,143.21274274305105,244725385049166
0.132,-0.73695004,12.156,12.179033517561031,,244725404107339
,,,,143.11084998101282,244725404107339
-0.03195,-1.1340001,11.500051,11.55587001111847,,244725423165703
,,,,142.89345872010963,244725423165703
-0.77895004,-0.64095,10.618951,10.666756470620093,,244725442223854
,,,,142.49626955949506,244725442223854
-1.40205,0.09105001,9.94095,10.03974759031551,,244725461281984
,,,,141.92056657473302,244725461281984
-1.248,0.27195,9.75,9.833308807170045,,244725480340156
,,,,141.28212147225526,244725480340156
-0.53295004,-0.097950004,10.05795,10.072536604666361,,244725499398380
,,,,140.77030807698952,244725499398380
0.02205,-0.42105,10.38405,10.392606572092715,,244725518456517
,,,,140.4162037496594,244725518456517
0.20400001,-0.53295004,10.389001,10.40466223165294,,244725537514676
,,,,140.11507436953187,244725537514676
0.0,-0.32700002,10.135051,10.140324427965535,,244725556573078
,,,,139.71000317061507,244725556573078
-0.15900001,-0.12900001,9.7879505,9.790092006169187,,244725575631253
,,,,139.13793384649148,244725575631253
-0.29295,0.08805001,9.59895,9.603823266058345,,244725594689420
,,,,138.49816368731473,244725594689420
-0.54,0.25095,9.57495,9.593448199268643,,244725613747658
,,,,137.8869027377336,244725613747658
-0.62805,0.17400001,9.181951,9.205049737716148,,244725632805786
,,,,137.29856390300705,244725632805786
-0.64695,0.23205002,8.445001,8.472923235909853,,244725651864174
,,,,136.69687887864228,244725651864174
-0.73605,0.55695003,8.026051,8.078950880322282,,244725670922339
,,,,136.05056539824068,244725670922339
-0.67095006,0.74700004,8.031,8.093525180124455,,244725689980503
,,,,135.37361168922237,244725689980503
-0.54195005,0.69600004,8.422951,8.469015757765092,,244725709038741
,,,,134.75557519198458,244725709038741
-0.52995,0.56205004,8.904,8.93744750107505,,244725728096877
,,,,134.2729267044748,244725728096877
-0.55395,0.40695003,9.288,9.313399508256405,,244725747155260
,,,,133.90757988577082,244725747155260
-0.61200005,0.24405001,9.69495,9.717312525576531,,244725766213402
,,,,133.60359548657024,244725766213402
-0.73800004,0.24900001,10.090051,10.120067383915014,,244725785271621
,,,,133.3062090501079,244725785271621
-0.88695,0.30105,10.267051,10.309686820363865,,244725804329782
,,,,132.96046487432184,244725804329782
-1.00695,0.34695002,10.25205,10.307223733090515,,244725823388150
,,,,132.53355073043937,244725823388150
-0.98295003,0.51000005,10.20705,10.266945206798102,,244725842446296
,,,,132.01765288204996,244725842446296
-0.873,0.66495,10.13805,10.197271423396646,,244725861504530
,,,,131.42704642451895,244725861504530
-0.91305006,0.8880001,10.068001,10.148243538850855,,244725880562958
,,,,130.78937996360656,244725880562958
-0.88695,0.96000004,9.651,9.739100697572693,,244725899621108
,,,,130.08406730915436,244725899621108
-0.94200003,1.1149501,9.37905,9.491947174169617,,244725918679332
,,,,129.33349782126166,244725918679332
-0.99495006,1.3740001,9.649051,9.79703931655463,,244725937737502
,,,,128.5038347427802,244725937737502
-0.81705004,1.2589501,9.844951,9.958693834320954,,244725956795900
,,,,127.67829709855745,244725956795900
-0.73395,1.3260001,9.71895,9.836409480956492,,244725975854162
,,,,126.8422136422562,244725975854162
-0.46800002,1.60395,9.450001,9.596571914224517,,244725994912320
,,,,125.98234746726494,244725994912320
-0.06795,1.8790501,9.297001,9.485234480851714,,244726013970698
,,,,125.17881669254797,244726013970698
-0.039,1.9050001,9.570001,9.757841038414032,,244726033028926
,,,,124.49103030350602,244726033028926
-0.291,1.6680001,10.153951,10.294154639938947,,244726052087299
,,,,123.95020226464608,244726052087299
-0.93000007,1.6540501,10.518001,10.687802316059553,,244726071145521
,,,,123.41866328305734,244726071145521
-1.332,1.4310001,10.606951,10.785610389750419,,244726090203924
,,,,122.67919968275508,244726090203924
-0.975,1.00995,10.69305,10.784801837938135,,244726109262051
,,,,121.67663719562393,244726109262051
-0.43005002,1.1509501,11.089951,11.157806031519446,,244726128320274
,,,,120.49778752601475,244726128320274
0.20595,1.00995,11.284051,11.33102872267397,,244726147378659
,,,,119.20431362175442,244726147378659
0.975,0.24105,11.19795,11.242900727679709,,244726166436863
,,,,117.92280620891995,244726166436863
1.1740501,-0.055050004,11.694,11.75291763767818,,244726185495212
,,,,116.83001692285292,244726185495212
0.96105003,-0.18900001,12.204,12.243241294586207,,244726204553436
,,,,115.8908112704628,244726204553436
0.47895002,-0.555,11.866051,11.888674281511586,,244726223611818
,,,,114.97877611059101,244726223611818
-0.23295002,-0.61695004,10.806001,10.82610475043461,,244726242670041
,,,,113.92854573324234,244726242670041
-0.66195005,-0.30105,9.70905,9.736244867058764,,244726261728419
,,,,112.68933085174858,244726261728419
-0.63795,0.22005,8.952001,8.97740006087661,,244726280786638
,,,,111.07274118842246,244726280786638
-0.01995,0.46905002,8.634001,8.646755037623308,,244726299845020
,,,,109.28638717327566,244726299845020
0.61605,0.54795,8.682,8.72106027929056,,244726318903253
,,,,107.53419776435727,244726318903253
0.90300006,0.56700003,8.986051,9.049088861112404,,244726337961621
,,,,105.8953621749044,244726337961621
1.12605,0.42600003,9.402,9.478769773341666,,244726357019854
,,,,104.36479874417459,244726357019854
1.3050001,0.38295,9.92205,10.014827035904416,,244726376078246
,,,,102.95224732192426,244726376078246
1.332,0.46395,10.308001,10.40405433562572,,244726395136717
,,,,101.61678824483586,244726395136717
1.09695,0.50205004,10.293,10.363455358625078,,244726414194868
,,,,100.36155656973843,244726414194868
0.67605,0.56700003,10.08705,10.125567761738528,,244726433253308
,,,,99.12524451864192,244726433253308
0.47895002,0.50205004,9.70695,9.731717697595997,,244726452311459
,,,,97.8320165011917,244726452311459
0.42405003,0.50205004,9.345,9.368078906840246,,244726471369929
,,,,96.34315820553398,244726471369929
0.47205,0.58095,9.09105,9.121816001249123,,244726490428162
,,,,94.7008460497936,244726490428162
0.56100005,0.615,9.1699505,9.20765644422207,,244726509486534
,,,,92.9517780373259,244726509486534
0.735,0.58395004,9.46695,9.513378961886305,,244726528545006
,,,,91.15605300263785,244726528545006
0.9580501,0.54495,9.805051,9.866805527543319,,244726547603200
,,,,89.39036030973034,244726547603200
1.14195,0.55005,9.844951,9.926210912827589,,244726566661621
,,,,87.63422305147168,244726566661621
1.176,0.65595,9.477,9.572187714881368,,244726585720082
,,,,85.90141771941778,244726585720082
0.90795004,0.90000004,8.940001,9.030945875069648,,244726604778291
,,,,84.17734819931233,244726604778291
0.72300005,1.0339501,8.64105,8.732670216707461,,244726623836645
,,,,82.44589524471411,244726623836645
0.59205,1.07505,8.81805,8.903048184064458,,244726642895111
,,,,80.74121663166233,244726642895111
0.49395,0.97905004,9.12495,9.19060603985846,,244726661953387
,,,,79.0615091902161,244726661953387
0.45795003,0.82305,9.192,9.240130133434945,,244726681011803
,,,,77.36848971007754,244726681011803
0.25395,0.85395,9.07695,9.120567185683916,,244726700070195
,,,,75.62542543389029,244726700070195
-0.07305,1.08405,8.75805,8.825187910202855,,244726719128411
,,,,73.78460749030181,244726719128411
-0.351,1.2900001,8.505,8.609432601043698,,244726738186944
,,,,71.82110568884156,244726738186944
-0.52305,1.608,8.52105,8.687205796783225,,244726757245390
,,,,69.76247984281055,244726757245390
-0.39105,1.8259501,9.003,9.194619670426237,,244726776303796
,,,,67.65592655937355,244726776303796
0.20400001,1.5340501,9.880951,10.00140599857051,,244726795362183
,,,,65.64255071659387,244726795362183
0.81000006,0.90195006,10.698001,10.766467943119268,,244726814420396
,,,,63.84649100263649,244726814420396
1.00395,0.36600003,11.236051,11.28674892490948,,244726833478875
,,,,62.24969522752506,244726833478875
0.73305005,0.22695,11.418,11.443757893566366,,244726852537271
,,,,60.72204145738167,244726852537271
0.24705002,0.18105,11.089951,11.094179472870877,,244726871595750
,,,,59.05809126235067,244726871595750
-0.13695,0.37800002,10.474951,10.48266332898038,,244726890654217
,,,,57.15680223894549,244726890654217
-0.23295002,0.76305,10.05795,10.089542799421944,,244726909712726
,,,,55.06957839085963,244726909712726
0.08895,0.97200006,9.85305,9.901277371082054,,244726928770920
,,,,52.8844540263054,244726928770920
0.462,0.99105006,9.793051,9.853906435820184,,244726947829370
,,,,50.71293539857783,244726947829370
0.57705003,1.04295,9.843,9.914907432966627,,244726966887769
,,,,48.607013907639065,244726966887769
0.48195,1.14405,9.880951,9.958630247491369,,244726985946231
,,,,46.5608804776,244726985946231
0.312,1.25205,9.91005,9.993701477123839,,244727005004641
,,,,44.56625350409201,244727005004641
0.18,1.30005,9.936001,10.022307120351503,,244727024063120
,,,,42.6074577029699,244727024063120
0.20595,1.2760501,9.987,10.070298105352396,,244727043121592
,,,,40.61953797522686,244727043121592
0.34305,1.31895,10.090051,10.181671534757896,,244727062180067
,,,,38.52611231537463,244727062180067
0.44805002,1.434,10.18095,10.291202632517502,,244727081238572
,,,,36.31480442063715,244727081238572
0.537,1.58895,10.17105,10.308413533973225,,244727100297014
,,,,34.02314276540906,244727100297014
0.55095005,1.7380501,10.00605,10.170811376322657,,244727119355218
,,,,31.711799920087575,244727119355218
0.33795002,1.95105,9.8550005,10.05195700346999,,244727138413616
,,,,29.45205573885095,244727138413616
0.123,2.061,9.769051,9.98484836942701,,244727157472077
,,,,27.28801787581184,244727157472077
0.13005,2.05095,9.832951,10.045408530465314,,244727176530535
,,,,25.240610615492574,244727176530535
0.24900001,1.8529501,9.991051,10.164473083319344,,244727195588971
,,,,23.321417958725494,244727195588971
0.39495003,1.5990001,10.07295,10.206719178758812,,244727214647669
,,,,21.516113583726497,244727214647669
0.39495003,1.4430001,10.047001,10.15777858088284,,244727233705892
,,,,19.799519705667628,244727233705892
0.34500003,1.3549501,9.90795,10.006118047298106,,244727252764371
,,,,18.135523406859733,244727252764371
0.321,1.2280501,9.60105,9.684591533533395,,244727271822827
,,,,16.508153997476033,244727271822827
0.36405003,0.984,9.073951,9.134406271328613,,244727290881269
,,,,14.90620655218312,244727290881269
0.36900002,0.79395,8.30595,8.351965356572236,,244727309939924
,,,,13.304681724845102,244727309939924
0.27600002,0.61695004,7.6000504,7.630043738003581,,244727328998401
,,,,11.603101456355565,244727328998401
0.14895001,0.78705,7.293,7.336857844624397,,244727348056886
,,,,9.716809820820437,244727348056886
0.10605001,1.1700001,7.6210504,7.711067113588977,,244727367115392
,,,,7.6518575120707,244727367115392
0.16305001,1.2570001,7.9300504,8.030711827633718,,244727386173947
,,,,5.519043005048655,244727386173947
0.31905,1.1370001,8.076,8.161883400123223,,244727405232459
,,,,3.4028017386042335,244727405232459
0.40695003,1.3789501,8.557051,8.6769938439513,,244727424290968
,,,,1.386720500582995,244727424290968
0.52500004,1.55295,9.534,9.673905216543725,,244727443349420
,,,,-0.4488465216376226,244727443349420
0.63195,1.245,10.588051,10.67971000306243,,244727462408115
,,,,-1.9284366774784578,244727462408115
0.45795003,0.708,11.434951,11.465996934124803,,244727481466622
,,,,-3.020205917481619,244727481466622
0.11100001,0.29895002,11.871,11.875282685780052,,244727500525088
,,,,-3.8301545086974724,244727500525088
-0.291,0.15,11.92395,11.928443549052394,,244727519583649
,,,,-4.544025817066518,244727519583649
-0.762,0.28905,11.6629505,11.691390588445909,,244727538642127
,,,,-5.379620061068477,244727538642127
-1.11405,0.42105,11.113951,11.177579605068207,,244727557700789
,,,,-6.462783476160833,244727557700789
-1.2919501,0.56895,10.438951,10.533969969362438,,244727576759256
,,,,-7.788152229411012,244727576759256
-1.3470001,0.90000004,9.88395,10.015831812777982,,244727595817765
,,,,-9.246035617182724,244727595817765
-1.3110001,1.1560501,9.637051,9.794279834702944,,244727614876242
,,,,-10.755930895484083,244727614876242
-1.15995,1.19895,9.679951,9.822647970225374,,244727633934733
,,,,-12.264284258580311,244727633934733
-1.04505,1.1509501,9.972,10.092452872343213,,244727652993418
,,,,-13.714912277906176,244727652993418
-0.94695,1.0360501,10.23795,10.333718774641532,,244727672051858
,,,,-15.080473706214118,244727672051858
-0.91305006,0.94500005,10.417951,10.500494445784781,,244727691110394
,,,,-16.38438243197894,244727691110394
-0.91095006,0.873,10.53705,10.612322256084772,,244727710168824
,,,,-17.663953486183715,244727710168824
-0.90105003,0.78000003,10.425,10.492898265086955,,244727729227490
,,,,-18.934981681284093,244727729227490
-0.95400006,0.71805006,10.18095,10.250729790735672,,244727748286031
,,,,-20.20677144247693,244727748286031
-0.94695,0.72300005,9.984,10.05483470414777,,244727767344468
,,,,-21.497265676711848,244727767344468
-0.93000007,0.75405,9.8550005,9.927463285387402,,244727786403149
,,,,-22.79979811935891,244727786403149
-0.98505,0.79005,9.699,9.780854530992949,,244727805461723
,,,,-24.102596939383606,244727805461723
-1.023,0.873,9.43605,9.531406088629693,,244727824520199
,,,,-25.45997921616046,244727824520199
-1.0830001,0.98805004,9.14595,9.26269608468961,,244727843578889
,,,,-26.86848204378027,244727843578889
-1.08105,1.09095,9.0,9.130106294144818,,244727862637310
,,,,-28.329999092190427,244727862637310
-1.047,1.1149501,9.022051,9.150777281385206,,244727881695822
,,,,-29.806795273773904,244727881695822
-1.00905,1.149,9.220051,9.346000476917963,,244727900754534
,,,,-31.24515798089772,244727900754534
-0.92505,1.18005,9.526951,9.644222732003454,,244727919813040
,,,,-32.61937838152595,244727919813040
-0.73605,1.1340001,9.811951,9.904650634273363,,244727938871755
,,,,-33.93784053286477,244727938871755
-0.55395,1.1010001,9.948001,10.024060105858274,,244727957930224
,,,,-35.19899739706719,244727957930224
-0.50595003,1.1659501,10.032001,10.112193733170264,,244727976988742
,,,,-36.402319634472526,244727976988742
-0.52995,1.17495,10.161,10.242425492443756,,244727996047458
,,,,-37.55291622657995,244727996047458
-0.51795,1.21095,10.189951,10.274715120770418,,244728015106008
,,,,-38.65072228659235,244728015106008
-0.48495004,1.3069501,10.044001,10.140278532577975,,244728034164684
,,,,-39.697250701410866,244728034164684
-0.47700003,1.4650501,9.795,9.915438749654225,,244728053223209
,,,,-40.69312301824999,244728053223209
-0.46995002,1.6200001,9.606001,9.752974227722593,,244728072281671
,,,,-41.641221576939465,244728072281671
-0.42705002,1.7190001,9.505051,9.668677373020298,,244728091340356
,,,,-42.536454471453034,244728091340356
-0.38595003,1.7860501,9.457951,9.632848140901219,,244728110398907
,,,,-43.371349474838716,244728110398907
-0.49695003,1.932,9.501,9.708171619383654,,244728129457573
,,,,-44.140080435734475,244728129457573
-0.69495004,2.07495,9.604051,9.850185845650206,,244728148516143
,,,,-44.84154769368396,244728148516143
-0.78405005,2.18295,9.73305,10.005612133693864,,244728167574910
,,,,-45.4715950785772,244728167574910
-0.726,2.22105,10.05795,10.325817040728243,,244728186633647
,,,,-46.017351098923314,244728186633647
-0.47700003,2.12805,10.65495,10.875848846631035,,244728205692123
,,,,-46.425441241453235,244728205692123
-0.16395001,1.932,11.089951,11.258175401311671,,244728224750642
,,,,-46.66097006969737,244728224750642
-0.135,1.74495,11.019,11.15712497389473,,244728243809458
,,,,-46.764215209191285,244728243809458
-0.30495003,1.5870001,10.212001,10.339077450235715,,244728262868145
,,,,-46.85412098923616,244728262868145
-0.42000002,1.4500501,9.232051,9.354667893697092,,244728281926691
,,,,-47.042613719761,244728281926691
-0.56100005,1.6710001,8.78505,8.960137994248557,,244728300985361
,,,,-47.30218822897817,244728300985361
-0.537,1.848,8.866051,9.072504243699925,,244728320043935
,,,,-47.58622506070773,244728320043935
-0.40605003,1.71405,9.220051,9.386808968823617,,244728339102592
,,,,-47.850273343831255,244728339102592
-0.41505003,1.5850501,9.30405,9.447221813845593,,244728358161123
,,,,-48.09254356878619,244728358161123
-0.59505004,1.6489501,9.0390005,9.207423606802157,,244728377219891
,,,,-48.3519473232741,244728377219891
-0.98700005,2.29095,8.76105,9.109260257371256,,244728396278314
,,,,-48.69541021587737,244728396278314
-1.3300501,2.98005,8.634001,9.230151764685187,,244728415336942
,,,,-49.15471994699322,244728415336942
-1.15695,3.1620002,8.60295,9.238372505495379,,244728434395616
,,,,-49.68484507942375,244728434395616
-0.39405003,2.5849502,9.264001,9.625952339122534,,244728453454122
,,,,-50.1560461698846,244728453454122
0.50295,1.9080001,10.6710005,10.851897507090387,,244728472512870
,,,,-50.35695618432052,244728472512870
1.21905,1.08405,11.991,12.101460367144872,,244728491571540
,,,,-50.25826336590842,244728491571540
1.57095,0.00405,12.634951,12.73223776639594,,244728510630093
,,,,-49.93266483307933,244728510630093
1.26195,-0.47805002,12.670951,12.74260721737467,,244728529688808
,,,,-49.47881925329949,244728529688808
0.28095,-0.32505003,12.1369505,12.14455260934114,,244728548747586
,,,,-49.08261363992539,244728548747586
-0.33405003,-0.27495003,11.63895,11.646988612941973,,244728567806118
,,,,-48.930949289405255,244728567806118
-0.59505004,-0.33195,11.368051,11.388452644573595,,244728586864899
,,,,-48.962620876586605,244728586864899
-0.564,-0.24105,11.119051,11.135954874495356,,244728605923607
,,,,-49.092104187777124,244728605923607
-0.08505,-0.16695,10.73595,10.737585306772415,,244728624982296
,,,,-49.3420413000754,244728624982296
0.40500003,-0.11895001,10.354951,10.363550693821034,,244728644041073
,,,,-49.73442883770346,244728644041073
0.81900007,0.093,10.015051,10.048913348460284,,244728663099800
,,,,-50.283613613012925,244728663099800
0.95295006,0.36105,9.297001,9.352683807173888,,244728682158335
,,,,-50.90131543098136,244728682158335
0.76905006,0.80895007,8.337001,8.411386275007397,,244728701217097
,,,,-51.48489703895101,244728701217097
0.59205,1.1920501,7.62405,7.739357070045678,,244728720275861
,,,,-51.99798767959154,244728720275861
0.43605003,1.3950001,7.2330003,7.379190838295112,,244728739334575
,,,,-52.40287104830614,244728739334575
0.29205,1.383,7.21605,7.353187243663856,,244728758393099
,,,,-52.69172657849515,244728758393099
0.21795002,1.2900001,7.4700003,7.583699926660912,,244728777451914
,,,,-52.89688497059482,244728777451914
0.22095,1.2589501,7.8199506,7.923723896667841,,244728796510638
,,,,-53.10485740063254,244728796510638
0.24000001,1.3740001,8.203051,8.320787930225428,,244728815569166
,,,,-53.36787432519139,244728815569166
0.29205,1.4620501,8.47305,8.603224092322298,,244728834627900
,,,,-53.66551006355845,244728834627900
0.252,1.5180001,8.65305,8.788805985840073,,244728853686684
,,,,-53.968999274044215,244728853686684
0.22500001,1.5630001,8.715,8.856907845820428,,244728872745392
,,,,-54.29131590097711,244728872745392
0.20895001,1.6369501,8.691,8.84628421342914,,244728891804194
,,,,-54.659008889660996,244728891804194
0.19005,1.8100501,8.60295,8.793358325165967,,244728910862743
,,,,-55.09096371315094,244728910862743
0.20895001,2.0989501,8.622001,8.876268752840703,,244728929921438
,,,,-55.57556904985793,244728929921438
0.216,2.3410501,8.80095,9.109549205023814,,244728948980324
,,,,-56.08314089764909,244728948980324
0.15105,2.4850502,9.201,9.531877540816657,,244728968039008
,,,,-56.560472082890016,244728968039008
0.051000003,2.3749502,9.71595,10.00213333262526,,244728987097560
,,,,-56.97775224494819,244728987097560
0.07005,2.04405,10.08195,10.287310915352982,,244729006156309
,,,,-57.346193139346184,244729006156309
0.21105,1.506,10.159051,10.272238820279608,,244729025214984
,,,,-57.72555550622703,244729025214984
0.36900002,1.0870501,10.33605,10.399604393697395,,244729044273736
,,,,-58.128393233285216,244729044273736
0.052950002,1.077,10.98495,11.037747206895087,,244729063332233
,,,,-58.53269945101495,244729063332233
-0.36,0.9289501,11.754001,11.796146759393112,,244729082391005
,,,,-58.978048275467295,244729082391005
-0.31005,0.37995002,12.328051,12.337800806276277,,244729101449670
,,,,-59.44554740339799,244729101449670
-0.24300002,0.052050002,12.438001,12.440482697275494,,244729120508404
,,,,-59.87076083017713,244729120508404
-0.44205,0.08295,12.016951,12.02536445430196,,244729139566930
,,,,-60.39496418859727,244729139566930
-0.82905006,0.40695003,11.11005,11.148369749487548,,244729158625674
,,,,-61.185633717107116,244729158625674
-1.0210501,1.05795,10.34595,10.449903599052586,,244729177684339
,,,,-62.208871186855895,244729177684339
-0.64305,1.6609501,10.149,10.30409999095191,,244729196743086
,,,,-63.296968132963116,244729196743086
0.47205,1.5460501,10.432051,10.556551550560838,,244729215801613
,,,,-64.17392344125773,244729215801613
1.2550501,1.14195,10.80105,10.933521179198245,,244729234860394
,,,,-64.63106800240669,244729234860394
1.626,0.58905005,10.839001,10.9761009689447,,244729253919107
,,,,-64.7495512939389,244729253919107
1.4299501,0.42105,10.64505,10.74891302246654,,244729272977856
,,,,-64.64723506017211,244729272977856
0.79995006,0.58395004,10.2960005,10.343526878140192,,244729292036660
,,,,-64.45792270694686,244729292036660
0.321,0.58905005,9.673051,9.696284685720762,,244729311095190
,,,,-64.29093141192922,244729311095190
-0.10395,0.64395005,9.012,9.035575490840834,,244729330153871
,,,,-64.13945147651668,244729330153871
-0.504,0.81795,8.566951,8.620655679570037,,244729349212655
,,,,-64.06575373537224,244729349212655
-0.657,0.91695005,8.442,8.517031044328686,,244729368271205
,,,,-64.1225467583209,244729368271205
-0.48195,0.89295006,8.505,8.565317400447585,,244729387329982
,,,,-64.2855833738091,244729387329982
-0.22605,0.90705,8.500051,8.55129829052953,,244729406388666
,,,,-64.49624006819063,244729406388666
-0.027,0.97605,8.29605,8.353313551521879,,244729425447448
,,,,-64.72202563158375,244729425447448
0.10095,1.1539501,7.99695,8.080408360199263,,244729444505969
,,,,-64.9201284382708,244729444505969
0.12705001,1.35,7.8940506,8.00966156243362,,244729463564712
,,,,-65.05641120278005,244729463564712
0.058050003,1.4620501,8.01105,8.14357945577613,,244729482623393
,,,,-65.11758920717587,244729482623393
-0.051000003,1.503,8.28195,8.417381432527819,,244729501681945
,,,,-65.12421449067078,244729501681945
-0.13305001,1.6350001,8.713051,8.866125263330007,,244729520740703
,,,,-65.12633184931349,244729520740703
0.01995,1.6489501,8.9740505,9.124309356890217,,244729539799373
,,,,-65.1567603420659,244729539799373
0.30900002,1.74705,9.061951,9.233992463787756,,244729558858164
,,,,-65.17441638107037,244729558858164
0.54195005,1.86705,9.153001,9.357190522017387,,244729577916724
,,,,-65.1241393585899,244729577916724
0.67800003,1.9270501,9.465,9.682945312849837,,244729596975419
,,,,-64.97083576266897,244729596975419
0.75900006,1.7899501,9.802051,9.99300750398044,,244729616033969
,,,,-64.69860491291978,244729616033969
0.62100005,1.506,9.9529505,10.085380745671243,,244729635092727
,,,,-64.3209569235206,244729635092727
0.33600003,1.44105,10.02705,10.135642780684249,,244729654151416
,,,,-63.90749142211388,244729654151416
0.08205,1.3429501,10.177951,10.266495619831128,,244729673210164
,,,,-63.53806015028623,244729673210164
-0.38205,1.3240501,10.25205,10.344254864590939,,244729692268729
,,,,-63.247353638832145,244729692268729
-1.1050501,1.48395,9.982051,10.15207283389491,,244729711327453
,,,,-63.16820540673004,244729711327453
-1.5310501,1.5180001,9.43395,9.677182320593925,,244729730386221
,,,,-63.44355082274076,244729730386221
-1.1050501,1.4269501,9.349951,9.522547016022724,,244729749444767
,,,,-64.10552592690922,244729749444767
-0.109050006,1.4269501,9.844951,9.94842389529559,,244729768503481
,,,,-64.9233591177482,244729768503481
0.81195,1.52505,10.330951,10.474425277785047,,244729787562266
,,,,-65.60101633625102,244729787562266
1.5490501,1.245,10.52805,10.713982859372956,,244729806620801
,,,,-65.90942669803378,244729806620801
1.83,1.0819501,10.767,10.974871630775993,,244729825679544
,,,,-65.67345049239901,244729825679544
1.5259501,0.8880001,10.99905,11.139845982690533,,244729844738070
,,,,-64.89890704051956,244729844738070
0.89805007,0.50205004,10.85295,10.901608941557592,,244729863796775
,,,,-63.77935707328444,244729863796775
0.28305,0.29595003,10.56105,10.568987236766704,,244729882855568
,,,,-62.52583977566868,244729882855568
0.16305001,0.07095,10.39605,10.39757095727283,,244729901914075
,,,,-61.294520592855456,244729901914075
0.34995002,0.094950005,10.33905,10.345406483204727,,244729920972746
,,,,-60.13067001866362,244729920972746
0.558,0.28905,10.422001,10.440929831536572,,244729940031263
,,,,-59.09095813263677,244729940031263
0.609,0.44505003,10.153951,10.181928175790336,,244729959089972
,,,,-58.254977129173064,244729959089972
0.42405003,0.58095,9.46905,9.496327543656351,,244729978148761
,,,,-57.69419127755834,244729978148761
0.076950006,0.96405005,8.64795,8.701859058512655,,244729997207316
,,,,-57.388731557497024,244729997207316
-0.16395001,1.36905,8.17905,8.294458529486013,,244730016265996
,,,,-57.231951395288554,244730016265996
-0.049050003,1.52505,8.02095,8.164792319352896,,244730035324522
,,,,-57.14114061517865,244730035324522
0.19395001,1.48905,8.124001,8.261613936244114,,244730054383270
,,,,-57.05537051467621,244730054383270
0.36705002,1.434,8.2560005,8.387647047047214,,244730073441710
,,,,-56.967011772478344,244730073441710
0.28500003,1.4460001,8.3560505,8.485029163748818,,244730092500410
,,,,-56.836367329128926,244730092500410
0.0,1.40505,8.526,8.640997604420996,,244730111559169
,,,,-56.64856444771026,244730111559169
-0.21900001,1.27995,8.77305,8.868632866782864,,244730130617763
,,,,-56.478718133619545,244730130617763
-0.40305,1.17795,9.12195,9.206519130857,,244730149676443
,,,,-56.39435163699155,244730149676443
-0.46095002,1.2280501,9.42195,9.512819174024875,,244730168734921
,,,,-56.433785734164616,244730168734921
-0.31695002,1.2730501,9.84105,9.928110737320571,,244730187793679
,,,,-56.60539765215577,244730187793679
-0.13305001,1.23,10.03695,10.112910835964682,,244730206852220
,,,,-56.86678216150299,244730206852220
-0.09,1.33605,9.975,10.06448022537832,,244730225910890
,,,,-57.164117371546574,244730225910890
-0.11595,1.4430001,9.670951,9.778700621240214,,244730244969430
,,,,-57.48415613039128,244730244969430
-0.147,1.4940001,9.41895,9.537833519699939,,244730264028160
,,,,-57.84606053375357,244730264028160
-0.01305,1.4269501,9.1060505,9.21718571209086,,244730283086685
,,,,-58.24493675109314,244730283086685
0.372,1.2900001,8.82495,8.926490244680656,,244730302145386
,,,,-58.619429193095776,244730302145386
0.51495004,1.23,9.040951,9.138756402887024,,244730321203950
,,,,-58.856163549728414,244730321203950
0.24495001,1.09395,9.70905,9.773555373739624,,244730340262626
,,,,-58.894453590215505,244730340262626
-0.57600003,0.78495,10.18095,10.22739802736533,,244730359321147
,,,,-58.80943139542719,244730359321147
-1.24605,0.36600003,10.84605,10.923525182137181,,244730378379847
,,,,-58.797683470054764,244730378379847
-1.0159501,-0.124050006,11.988001,12.031612717746684,,244730397438388
,,,,-58.957796764578205,244730397438388
-0.36495003,-0.74895006,13.147051,13.173422581091065,,244730416497111
,,,,-59.17363757253978,244730416497111
-0.19995001,-1.0720501,13.710001,13.75330493395843,,244730435555532
,,,,-59.314667318522204,244730435555532
-0.51105005,-1.06305,13.410001,13.461774608511003,,244730454614068
,,,,-59.41948340152522,244730454614068
-0.70695,-0.94500005,12.7570505,12.811523995790921,,244730473672785
,,,,-59.59157001766369,244730473672785
-0.39795002,-0.708,12.33495,12.361659401914668,,244730492731272
,,,,-59.759285312733354,244730492731272
0.29700002,-0.66495,12.108001,12.129882458701488,,244730511789963
,,,,-59.784584333419076,244730511789963
0.597,-0.63600004,11.7630005,11.795299460186195,,244730530848498
,,,,-59.5832303566871,244730530848498
0.50295,-0.40695003,11.365951,11.384348622327389,,244730549906931
,,,,-59.22521916115171,244730549906931
0.41700003,-0.39705002,10.67595,10.691465835488874,,244730568965655
,,,,-58.84986611531367,244730568965655
0.24195,-0.186,10.096951,10.101561367096805,,244730588024214
,,,,-58.53933156469903,244730588024214
0.15105,0.25800002,9.832951,9.83749452467188,,244730607082652
,,,,-58.36042158957972,244730607082652
0.055050004,0.39495003,9.295051,9.303600590510854,,244730626141342
,,,,-58.23441142958215,244730626141342
-0.23805001,0.53805,8.61705,8.637113164473298,,244730645199873
,,,,-58.09141458911877,244730645199873
-0.40605003,0.73905003,8.169001,8.212408251663588,,244730664258606
,,,,-57.95812344746597,244730664258606
-0.027,0.93105006,8.349,8.400796816135722,,244730683317138
,,,,-57.86073178009076,244730683317138
0.49395,0.91395,8.775001,8.836284600277956,,244730702375813
,,,,-57.77242426431166,244730702375813
0.96300006,0.61995006,8.718,8.792908446733465,,244730721434272
,,,,-57.59739383664092,244730721434272
0.96300006,0.57405,8.359051,8.433897704689336,,244730740492828
,,,,-57.25015384942664,244730740492828
0.59205,0.94500005,8.217,8.292323816478934,,244730759551296
,,,,-56.772279664146694,244730759551296
0.45795003,1.1869501,8.16705,8.265547926891374,,244730778610015
,,,,-56.26929770347779,244730778610015
0.66795003,1.31595,8.2240505,8.355410767827102,,244730797668532
,,,,-55.766022044674564,244730797668532
1.092,1.30005,8.62695,8.792432079774139,,244730816726998
,,,,-55.19518215460158,244730816726998
1.3579501,1.1920501,9.1060505,9.28359698794966,,244730835785708
,,,,-54.46265802649605,244730835785708
1.2930001,1.0170001,9.333,9.476868023078906,,244730854844162
,,,,-53.58929881279945,244730854844162
1.03005,1.14195,9.165,9.293130482777151,,244730873902708
,,,,-52.66921769008537,244730873902708
0.702,1.39995,8.61705,8.758208865640261,,244730892961405
,,,,-51.77392332386927,244730892961405
0.53400004,1.6849501,8.581051,8.761201500559066,,244730912019869
,,,,-50.90558771430721,244730912019869
0.55605,1.695,8.75595,8.93581988141687,,244730931078405
,,,,-49.96857455264067,244730931078405
0.60105,1.56105,9.061951,9.21504700854146,,244730950137112
,,,,-48.844062452973525,244730950137112
0.53400004,1.3980001,9.393001,9.51146808897131,,244730969195594
,,,,-47.486545279960566,244730969195594
0.18,1.43805,9.880951,9.986670192960652,,244730988254056
,,,,-46.00243738087059,244730988254056
-0.19005,1.5409501,10.462951,10.577522384630688,,244731007312583
,,,,-44.53550399244861,244731007312583
-0.73095006,1.848,10.759951,10.94193443867463,,244731026371037
,,,,-43.155737478214334,244731026371037
-1.6459501,2.7190502,10.5060005,10.9762667470165,,244731045429722
,,,,-41.930285427898156,244731045429722
-2.21295,3.3040502,10.152,10.903073260817875,,244731064488196
,,,,-40.92477229904556,244731064488196
-1.71105,2.84205,10.482,10.994420110200005,,244731083546760
,,,,-40.020550875584256,244731083546760
-0.717,1.5180001,11.809051,11.927786665033983,,244731102605220
,,,,-38.938085420447706,244731102605220
-0.43695003,0.483,12.8890505,12.905496275093233,,244731121663846
,,,,-37.53704969713801,244731121663846
-1.11,0.17400001,12.4480505,12.498653491929765,,244731140722310
,,,,-36.10711202835541,244731140722310
-1.66005,0.22695,11.148001,11.273207061379226,,244731159780846
,,,,-35.03419517767854,244731159780846
-1.34895,0.16695,9.69705,9.79184994356954,,244731178839272
,,,,-34.3804128854195,244731178839272
-0.46995002,-0.057000004,8.96895,8.981434641130036,,244731197897733
,,,,-33.85967926309773,244731197897733
-0.16095,-0.22695,9.30195,9.30611041741254,,244731216956185
,,,,-33.29803963783675,244731216956185
-0.48900002,-0.37800002,9.936001,9.955205535223024,,244731236014856
,,,,-32.67872931031877,244731236014856
-0.85305005,-0.43800002,10.22805,10.27290390427482,,244731255073329
,,,,-32.103316608596465,244731255073329
-0.68100005,-0.62205005,9.798,9.841316818578335,,244731274131791
,,,,-31.778660641872833,244731274131791
-0.18795002,-0.75600004,8.92395,8.957887670979074,,244731293190308
,,,,-31.68465333323136,244731293190308
0.27105,-0.62700003,8.169001,8.197510169169222,,244731312248762
,,,,-31.801842303915855,244731312248762
0.51795,-0.07095,7.65495,7.672781150740467,,244731331307209
,,,,-32.05511937871827,244731331307209
0.82905006,0.34695002,7.2000003,7.255873569972656,,244731350365934
,,,,-32.37985730771194,244731350365934
1.0870501,0.483,7.03905,7.1388508869484015,,244731369424378
,,,,-32.63626943934339,244731369424378
1.26705,0.411,7.1710505,7.293716694707593,,244731388482845
,,,,-32.70119380249894,244731388482845
1.2550501,0.34695002,7.6429505,7.7530779725277945,,244731407541306
,,,,-32.510686166168945,244731407541306
1.0350001,0.43800002,8.10495,8.182498714774427,,244731426599748
,,,,-32.08399741852908,244731426599748
0.80700004,0.402,8.169001,8.218602400350017,,244731445658238
,,,,-31.525851435028564,244731445658238
0.573,0.37500003,8.32005,8.348184957081193,,244731464716746
,,,,-30.900906201445324,244731464716746
0.23295002,0.56205004,8.682,8.7032919958451,,244731483775234
,,,,-30.251167381174934,244731483775234
0.0,0.88500005,9.148951,9.191654848821472,,244731502833690
,,,,-29.676786038017298,244731502833690
0.12495001,0.96195006,9.59595,9.644854787758762,,244731521892100
,,,,-29.22766011895394,244731521892100
0.10605001,1.02705,9.85995,9.913863568606015,,244731540950794
,,,,-28.907655511055086,244731540950794
0.14595,0.97395,9.472051,9.523109837215976,,244731560009027
,,,,-28.797720201269147,244731560009027
0.39795002,0.97905004,8.490001,8.555525340677828,,244731579067687
,,,,-28.928712984266237,244731579067687
0.87405,0.95505005,8.095051,8.197922457378302,,244731598126180
,,,,-29.210499268664282,244731598126180
1.2,1.005,8.6629505,8.803223401035279,,244731617184636
,,,,-29.460672022488925,244731617184636
1.26705,1.1010001,10.24005,10.376716563685568,,244731636243113
,,,,-29.549884538333046,244731636243113
1.07505,1.2349501,11.500051,11.616023053401213,,244731655301560
,,,,-29.416866604247048,244731655301560
0.89295006,0.98100007,11.172001,11.250481150192638,,244731674360040
,,,,-29.22644776037626,244731674360040
0.975,0.55305004,10.123051,10.184922717273604,,244731693418536
,,,,-29.213781174560474,244731693418536
1.18605,0.61695004,10.173,10.260471856344802,,244731712477002
,,,,-29.39875635766276,244731712477002
1.1740501,1.008,11.09805,11.205408180220457,,244731731535443
,,,,-29.544427217186204,244731731535443
1.08,1.3090501,11.875951,11.99659171976045,,244731750593928
,,,,-29.30853638891606,244731750593928
0.87900007,0.90705,12.18,12.245316836400278,,244731769652389
,,,,-28.530487342445106,244731769652389
0.666,0.069000006,12.05805,12.076625953020972,,244731788710891
,,,,-27.274275535201774,244731788710891
0.14895001,0.10695001,11.884951,11.886365089834156,,244731807769367
,,,,-25.69509823305439,244731807769367
0.063,0.45900002,11.78205,11.791155872581934,,244731826827839
,,,,-24.117997308414694,244731826827839
0.22995001,0.744,11.562,11.588195292693404,,244731845886339
,,,,-22.672169204528053,244731845886339
0.28500003,1.0170001,10.96395,11.014704845766657,,244731864944763
,,,,-21.327018089007403,244731864944763
0.537,1.21095,10.473001,10.556443865245441,,244731884003253
,,,,-20.076690489734037,244731884003253
1.401,1.1509501,10.53495,10.689839068094422,,244731903061700
,,,,-18.94216362519636,244731903061700
2.421,1.0699501,10.806001,11.125452268172594,,244731922120142
,,,,-17.892991927169042,244731922120142
2.8950002,1.39995,10.72395,11.195713544478508,,244731941178564
,,,,-16.872141608535184,244731941178564
2.91195,1.5150001,10.23795,10.751293370709703,,244731960237020
,,,,-15.897803170601817,244731960237020
2.565,1.4500501,9.41205,9.862482563578732,,244731979295492
,,,,-14.916979468051522,244731979295492
1.8730501,1.5319501,8.569051,8.904146287317893,,244731998353709
,,,,-13.984062712339698,244731998353709
1.1520001,1.764,7.79295,8.0727237670166,,244732017412169
,,,,-13.066735009634783,244732017412169
0.52995,1.8430501,7.3030505,7.550644085423198,,244732036470630
,,,,-12.172134761393083,244732036470630
-0.09900001,1.881,7.18095,7.423880793929848,,244732055529068
,,,,-11.30556048686324,244732055529068
-0.67905,1.917,7.3120503,7.5896032494545365,,244732074587530
,,,,-10.518435826532631,244732074587530
-1.11195,1.9219501,7.53,7.850555993089583,,244732093645906
,,,,-9.869653232746044,244732093645906
-1.3630501,1.9630501,7.80105,8.15891266254033,,244732112704333
,,,,-9.385964848935128,244732112704333
-1.4500501,2.118,8.17905,8.57236463794208,,244732131762808
,,,,-9.066956594881452,244732131762808
-1.3270501,2.253,8.587951,8.977191846546837,,244732150821236
,,,,-8.910540994019929,244732150821236
-1.09305,2.26005,8.964001,9.308914620859783,,244732169879503
,,,,-8.879806850302163,244732169879503
-0.97095007,2.32005,9.285001,9.619595682446846,,244732188938000
,,,,-8.90483266342109,244732188938000
-0.9799501,2.358,9.382951,9.72420826805091,,244732207996462
,,,,-8.984529871977738,244732207996462
-1.08105,2.4109502,9.502951,9.863438272264963,,244732227054845
,,,,-9.138119482070168,244732227054845
-1.04505,2.41995,9.77805,10.127119807873676,,244732246113283
,,,,-9.472441020243014,244732246113283
-0.70695,2.16405,9.970051,10.226671420829428,,244732265171712
,,,,-9.935690916736313,244732265171712
-0.43695003,1.8960001,10.21395,10.39762085330965,,244732284230182
,,,,-10.429229287104032,244732284230182
-0.20505,1.5820501,10.5400505,10.66009362671694,,244732303288386
,,,,-10.892209391125116,244732303288386
-0.01995,1.6870501,11.06595,11.193828476418274,,244732322346856
,,,,-11.341907338531463,244732322346856
0.273,1.9530001,11.2890005,11.459942255057737,,244732341405272
,,,,-11.868172560307299,244732341405272
0.58500004,1.9770001,11.241,11.428509957284458,,244732360463731
,,,,-12.476110622857208,244732360463731
0.43605003,2.0350502,10.86495,11.062491034380194,,244732379522255
,,,,-13.111311385479224,244732379522255
-0.09195001,2.1660001,10.497001,10.718537175593054,,244732398580455
,,,,-13.73234975085722,244732398580455
-0.38205,2.262,10.923,11.161296483140761,,244732417638909
,,,,-14.3427774173596,244732417638909
-0.15705001,1.83105,11.866051,12.007521497368456,,244732436697286
,,,,-14.940266998026681,244732436697286
-0.24795002,1.1560501,12.474001,12.529909285744425,,244732455755754
,,,,-15.36115179241933,244732455755754
-0.99000007,0.75600004,12.285001,12.347991137502325,,244732474813992
,,,,-15.526312596739407,244732474813992
-1.8570001,0.69900006,11.51895,11.688595970296687,,244732493872452
,,,,-15.560028118029884,244732493872452
-2.29005,0.83805007,10.87695,11.146959213482,,244732512930838
,,,,-15.637468802839487,244732512930838
-2.0410502,0.68895006,10.647,10.862741511110675,,244732531989332
,,,,-15.86518560222042,244732531989332
-1.3780501,0.24405001,10.588051,10.680140409653886,,244732551047784
,,,,-16.22655383573287,244732551047784
-0.75000006,0.14295001,10.281,10.309311252384184,,244732570106040
,,,,-16.661274885836672,244732570106040
-0.31500003,0.23205002,9.77595,9.783776100273014,,244732589164418
,,,,-17.185242602730444,244732589164418
-0.45795003,0.65595,8.72505,8.761648653169221,,244732608222861
,,,,-17.913526890908688,244732608222861
-0.79605,0.97200006,7.83405,7.934155337706186,,244732627281122
,,,,-18.87501603546597,244732627281122
-1.0189501,1.314,7.5090003,7.690899849219378,,244732646339596
,,,,-19.951066235424577,244732646339596
-0.89595,1.4580001,7.6210504,7.8108193993153305,,244732665397998
,,,,-21.0186179725084,244732665397998
-0.72195005,1.503,7.66905,7.848219612525237,,244732684456218
,,,,-22.03067954522775,244732684456218
-0.47700003,1.48395,7.6450505,7.802335184172228,,244732703514664
,,,,-23.034153862613095,244732703514664
-0.109050006,1.5340501,7.4460006,7.603165429098352,,244732722573145
,,,,-24.041784350108397,244732722573145
0.13695,1.63995,7.4370003,7.616899784229673,,244732741631545
,,,,-24.993914427955467,244732741631545
0.10095,1.83105,7.5760503,7.794836232616472,,244732760689747
,,,,-25.814348213320937,244732760689747
-0.123,1.8019501,7.6039505,7.815511382511449,,244732779748126
,,,,-26.489870997708124,244732779748126
-0.42495003,1.7160001,7.6500006,7.8516081699542415,,244732798806587
,,,,-27.049842349264324,244732798806587
-0.64500004,1.6540501,7.68795,7.890277877575134,,244732817864834
,,,,-27.555687866742762,244732817864834
-0.79800004,1.6660501,7.9750504,8.186205113640732,,244732836923255
,,,,-28.0747890738529,244732836923255
-0.72900003,1.6540501,8.3230505,8.517070906489618,,244732855981632
,,,,-28.675381267950463,244732855981632
-0.717,1.7380501,8.566951,8.770835266354696,,244732875039834
,,,,-29.38969952682332,244732875039834
-0.82500005,2.02305,8.691,8.961407889381181,,244732894098246
,,,,-30.247885475278743,244732894098246
-0.86295,2.3050501,8.809051,9.146437037767212,,244732913156736
,,,,-31.232808998878337,244732913156736
-0.64695,2.45805,8.976001,9.32894122004793,,244732932215003
,,,,-32.26338209179571,244732932215003
-0.054,2.42295,9.429001,9.735484738108191,,244732951273473
,,,,-33.25887874823049,244732951273473
0.573,2.25,9.963,10.229966100672007,,244732970331874
,,,,-34.07053744805978,244732970331874
0.513,2.2999501,10.34805,10.61296746580219,,244732989390118
,,,,-34.581705390448946,244732989390118
-0.33105,2.631,10.42695,10.758859221953436,,244733008448501
,,,,-34.913464753909395,244733008448501
-0.96105003,2.5759501,10.279051,10.640395555529174,,244733027506715
,,,,-35.277199647969255,244733027506715
-1.19595,2.35995,10.597051,10.92232345511719,,244733046565169
,,,,-35.72851805775618,244733046565169
-1.299,2.12805,11.62005,11.884509966693516,,244733065623590
,,,,-36.11723095361078,244733065623590
-1.38705,1.8259501,12.582001,12.789243255251352,,244733084681801
,,,,-36.262457850838175,244733084681801
-1.2600001,1.2420001,12.64395,12.767130992868465,,244733103740199
,,,,-36.16312640973868,244733103740199
-1.11405,0.873,12.09105,12.173607993006133,,244733122798426
,,,,-35.93994656351393,244733122798426
-0.95400006,0.74700004,11.422951,11.487033333914075,,244733141856876
,,,,-35.74363326638942,244733141856876
-0.85305005,0.64605004,10.765051,10.8181049615215,,244733160915007
,,,,-35.6542158448702,244733160915007
-0.90795004,0.66495,10.2960005,10.357324089381411,,244733179973461
,,,,-35.68141707323978,244733179973461
-0.91800004,0.59595,10.1970005,10.255569433568196,,244733199031827
,,,,-35.794545496462696,244733199031827
-0.65895003,0.40905002,10.305,10.334145872923004,,244733218090055
,,,,-35.88710480500013,244733218090055
-0.44205,0.186,10.425,10.436025549626684,,244733237148467
,,,,-35.883030597160214,244733237148467
-0.44400004,0.04695,10.341001,10.350634539774678,,244733256206684
,,,,-35.82426706463601,244733256206684
-0.41805002,-0.102000006,10.03905,10.048268365422706,,244733275265048
,,,,-35.81410032805645,244733275265048
-0.72195005,0.19605,9.7879505,9.816497571575816,,244733294323272
,,,,-35.944990658215985,244733294323272
-0.91800004,0.48795003,9.559951,9.616313234530653,,244733313381688
,,,,-36.346978026722496,244733313381688
-0.80505,0.58095,9.313951,9.36671142386426,,244733332440130
,,,,-36.99674075265498,244733332440130
-0.45795003,0.59295005,8.884951,8.916482180769526,,244733351498305
,,,,-37.777503091773724,244733351498305
-0.23805001,0.93795,8.68395,8.737700619120284,,244733370556454
,,,,-38.568374110864085,244733370556454
0.08400001,1.245,8.62905,8.718806878454703,,244733389614836
,,,,-39.2996483143515,244733389614836
0.45105,1.2400501,8.557051,8.658191890007938,,244733408673036
,,,,-39.91216260364532,244733408673036
0.573,1.24695,8.368051,8.47982817997594,,244733427731520
,,,,-40.37942609004965,244733427731520
0.549,1.36905,8.28195,8.412276479577192,,244733446789920
,,,,-40.72955866237743,244733446789920
0.46995002,1.5270001,8.272051,8.424927789848418,,244733465848021
,,,,-41.00499287084736,244733465848021
0.44595003,1.67805,8.47605,8.652060696555186,,244733484906252
,,,,-41.20159986610618,244733484906252
0.38595003,1.7260501,8.7630005,8.939708090161819,,244733503964635
,,,,-41.30137868459631,244733503964635
0.32595003,1.7310001,8.890051,9.062869991773741,,244733523022887
,,,,-41.31520298747641,244733523022887
0.36,1.695,8.79195,8.961083089216165,,244733542081269
,,,,-41.27559130538493,244733542081269
0.36405003,2.07495,8.77995,9.029145837139847,,244733561139502
,,,,-41.22311496199172,244733561139502
0.79995006,2.12295,8.93295,9.216530535924509,,244733580197890
,,,,-41.15190340970516,244733580197890
1.5589501,1.7329501,9.313951,9.601203731727836,,244733599256103
,,,,-40.95342835770835,244733599256103
1.7410501,1.55295,9.71595,9.992126416936049,,244733618314510
,,,,-40.56662449972677,244733618314510
1.0320001,1.7230501,9.924001,10.125202318218797,,244733637372753
,,,,-40.14780413001076,244733637372753
0.36900002,1.7520001,9.76395,9.926751231629028,,244733656431141
,,,,-39.8771134879194,244733656431141
0.64395005,1.6180501,9.673051,9.828564365675915,,244733675489330
,,,,-39.78265197169812,244733675489330
1.4320501,1.623,10.135051,10.363597440874665,,244733694547593
,,,,-39.67763098302001,244733694547593
2.15505,1.48395,10.894051,11.203869314753288,,244733713605981
,,,,-39.291783351522234,244733713605981
2.055,1.125,11.29395,11.534381720314352,,244733732664210
,,,,-38.573052790445544,244733732664210
1.24995,0.83295006,11.17695,11.277428991711096,,244733751722593
,,,,-37.713155879603036,244733751722593
0.57495004,0.70095,10.759951,10.79807549743204,,244733770780805
,,,,-36.93643701247294,244733770780805
0.38805002,0.54495,10.417951,10.439408727396238,,244733789838998
,,,,-36.27816387083462,244733789838998
0.38805002,0.59805006,10.518001,10.542133627539467,,244733808897410
,,,,-35.69352358354362,244733808897410
0.72105,0.47595003,10.873051,10.907321997481246,,244733827955633
,,,,-35.185876603671595,244733827955633
0.9799501,0.24900001,10.86795,10.914882096664261,,244733847014040
,,,,-34.7402443263687,244733847014040
0.86505,0.27495003,10.585051,10.623897719706692,,244733866072171
,,,,-34.39225301834572,244733866072171
0.71400005,0.423,10.200001,10.233706293754768,,244733885130390
,,,,-34.182142739097785,244733885130390
0.71400005,0.57705003,9.678,9.721444201144037,,244733904188727
,,,,-34.08404756223806,244733904188727
0.64395005,0.81795,9.130051,9.189207995202937,,244733923246960
,,,,-34.049094069160525,244733923246960
0.56505,1.0360501,8.719951,8.799444389142828,,244733942305337
,,,,-34.04164233277604,244733942305337
0.62505,1.09905,8.253,8.349288416711312,,244733961363498
,,,,-34.06532601372306,244733961363498
0.726,1.197,8.052,8.172795493687618,,244733980421717
,,,,-34.12612152752534,244733980421717
0.78795004,1.30005,8.18595,8.325910033928208,,244733999480117
,,,,-34.18115236166813,244733999480117
0.76395005,1.27995,8.434951,8.56564562856646,,244734018538331
,,,,-34.16887509663504,244734018538331
0.56100005,1.21605,8.64795,8.751030561520848,,244734037596469
,,,,-34.08400999619763,244734037596469
0.27795002,1.1700001,8.866051,8.947235140678805,,244734056654842
,,,,-34.02940263378338,244734056654842
0.25395,1.14195,9.156,9.230431968689942,,244734075712964
,,,,-34.11996411198858,244734075712964
0.53400004,1.233,9.349951,9.44600551893084,,244734094771193
,,,,-34.36871960156044,244734094771193
0.73800004,1.39995,9.426001,9.557928052013205,,244734113829596
,,,,-34.7067627390573,244734113829596
0.77400005,1.4790001,9.361951,9.509607777173757,,244734132887771
,,,,-35.07155289734392,244734132887771
0.66795003,1.3399501,9.216001,9.33682453618111,,244734151945995
,,,,-35.45569639664378,244734151945995
0.31605002,1.67295,9.402,9.554907882781366,,244734171004414
,,,,-35.81457502620376,244734171004414
0.18195,1.8600001,9.87705,10.052304617598892,,244734190062536
,,,,-36.231411225965886,244734190062536
0.69705003,1.3950001,10.417951,10.534021392111045,,244734209120714
,,,,-36.65257435056721,244734209120714
0.84300005,1.29495,10.67595,10.787189119352627,,244734228178942
,,,,-36.96349822196453,244734228178942
0.70395005,1.2349501,10.52505,10.620608510545775,,244734247237308
,,,,-37.23730343031742,244734247237308
0.46500003,1.24905,10.285951,10.371939701845115,,244734266295459
,,,,-37.522170130031135,244734266295459
0.22095,1.18005,10.36305,10.43236081726853,,244734285353712
,,,,-37.813914830239064,244734285353712
-0.18495001,1.1700001,10.494,10.560641695235034,,244734304411887
,,,,-38.08538069880122,244734304411887
-0.81495005,1.455,10.135051,10.271339718688075,,244734323470269
,,,,-38.44520189446666,244734323470269
-1.43805,1.608,9.76605,10.00146931344262,,244734342528483
,,,,-38.9894040467766,244734342528483
-1.62405,1.503,9.795,10.041840948805815,,244734361586613
,,,,-39.7453488935461,244734361586613
-1.3440001,0.80205005,10.2619505,10.380618860395785,,244734380644991
,,,,-40.616034088182644,244734380644991
-1.4110501,0.52605003,10.81305,10.917410400526107,,244734399703157
,,,,-41.3003097599912,244734399703157
-1.7200501,0.31095,10.894051,11.033385505053515,,244734418761423
,,,,-41.87572246171351,244734418761423
-2.05095,0.16995001,10.33395,10.536878219487244,,244734437819569
,,,,-42.50871024304444,244734437819569
-2.1390002,0.43305,9.96,10.196296124126588,,244734456877947
,,,,-43.27408075086856,244734456877947
-1.488,0.55305004,10.056001,10.180528747976645,,244734475936122
,,,,-43.99716214244655,244734475936122
-0.753,0.14595,10.67595,10.703467504214208,,244734494994395
,,,,-44.44773264651936,244734494994395
-0.48900002,-0.56505,11.19795,11.222855775614953,,244734514052561
,,,,-44.59346497774534,244734514052561
-0.597,-1.1389501,11.454,11.525959072630151,,244734533110728
,,,,-44.551893031362056,244734533110728
-1.12905,-1.233,11.454,11.575368947025646,,244734552169144
,,,,-44.4935290649043,244734552169144
-1.6789501,-1.04805,10.816951,10.996531546569013,,244734571227281
,,,,-44.643550754929045,244734571227281
-1.6720501,-0.71805006,9.856951,10.023513615260494,,244734590285505
,,,,-45.1133584867992,244734590285505
-1.6789501,-0.54795,8.706,8.883330827418028,,244734609343656
,,,,-45.78820508245855,244734609343656
-1.6290001,0.021000002,8.007,8.171054310187827,,244734628401986
,,,,-46.58266195086318,244734628401986
-1.35405,0.33195,7.7050505,7.830162407565849,,244734647460118
,,,,-47.443877088215494,244734647460118
-0.95895004,0.31305,7.2720003,7.341632943683929,,244734666518258
,,,,-48.26737250587642,244734666518258
-1.0710001,0.34905002,6.8959503,6.987346384069334,,244734685576482
,,,,-48.94127312033573,244734685576482
-0.822,0.66,7.7479506,7.819336364372568,,244734704634667
,,,,-49.43489089165255,244734704634667
0.09105001,0.61005,9.88395,9.903177356431101,,244734723692773
,,,,-49.63240630207098,244734723692773
0.72300005,-0.56700003,11.29395,11.33126303518969,,244734742750927
,,,,-49.367285679247765,244734742750927
0.38295,-1.3450501,11.301001,11.387204508292273,,244734761809285
,,,,-48.61912041794291,244734761809285
